{
"type": "FeatureCollection",
"name": "hasil_clustering_rs",
"crs": { "type": "name", "properties": { "name": "urn:ogc:def:crs:OGC:1.3:CRS84" } },
"features": [
{ "type": "Feature", "properties": { "id": 1, "kode_provinsi": 32, "nama_provinsi": "JAWA BARAT", "kode_kabupaten_kota": 3204, "nama_kabupaten_kota": "KABUPATEN BANDUNG", "nama_rs": "RSUD CICALENGKA", "alamat": "JL. H. DARHAM CIKOPO NO.35, TENJOLAYA, KEC. CICALENGKA, BANDUNG, JAWA BARAT 40395", "desa_kelurahan": "TENJOLAYA", "kecamatan": "CICALENGKA", "telp_ppk": "022-7952202", "latitude": -6.98233728, "longitude": 107.842052, "tahun": 2019, "Cluster": 0 }, "geometry": { "type": "Point", "coordinates": [ 107.842052, -6.98233728 ] } },
{ "type": "Feature", "properties": { "id": 2, "kode_provinsi": 32, "nama_provinsi": "JAWA BARAT", "kode_kabupaten_kota": 3204, "nama_kabupaten_kota": "KABUPATEN BANDUNG", "nama_rs": "RSUD AL IHSAN", "alamat": "JL. KI ASTRAMANGGALA, BALEENDAH, KEC. BALEENDAH, BANDUNG, JAWA BARAT 40381, INDONESIA", "desa_kelurahan": "BALEENDAH", "kecamatan": "BALEENDAH", "telp_ppk": "022-5940872", "latitude": -7.00770719, "longitude": 107.624064, "tahun": 2019, "Cluster": 0 }, "geometry": { "type": "Point", "coordinates": [ 107.624064, -7.00770719 ] } },
{ "type": "Feature", "properties": { "id": 3, "kode_provinsi": 32, "nama_provinsi": "JAWA BARAT", "kode_kabupaten_kota": 3204, "nama_kabupaten_kota": "KABUPATEN BANDUNG", "nama_rs": "RSUD MAJALAYA", "alamat": "JL. CIPAKU NO.87, CIPAKU, KEC. PASEH, BANDUNG, JAWA BARAT 40383, INDONESIA", "desa_kelurahan": "CIPAKU", "kecamatan": "PASEH", "telp_ppk": "022-5950035", "latitude": -7.04929, "longitude": 107.772, "tahun": 2019, "Cluster": 0 }, "geometry": { "type": "Point", "coordinates": [ 107.772, -7.04929 ] } },
{ "type": "Feature", "properties": { "id": 4, "kode_provinsi": 32, "nama_provinsi": "JAWA BARAT", "kode_kabupaten_kota": 3204, "nama_kabupaten_kota": "KABUPATEN BANDUNG", "nama_rs": "RSUD SOREANG", "alamat": "JL. ALUN-ALUN UTARA NO.1, PAMEKARAN, KEC. SOREANG, BANDUNG, JAWA BARAT 40912, INDONESIA", "desa_kelurahan": "PAMEKARAN", "kecamatan": "SOREANG", "telp_ppk": "022-5891355", "latitude": -7.03, "longitude": 108.0, "tahun": 2019, "Cluster": 0 }, "geometry": { "type": "Point", "coordinates": [ 108.0, -7.03 ] } },
{ "type": "Feature", "properties": { "id": 5, "kode_provinsi": 32, "nama_provinsi": "JAWA BARAT", "kode_kabupaten_kota": 3217, "nama_kabupaten_kota": "KABUPATEN BANDUNG BARAT", "nama_rs": "RSUD CIKALONG WETAN", "alamat": "JL. CIKALONG NO.290, CIPTAGUMATI, KEC. CIKALONG WETAN, KABUPATEN BANDUNG BARAT, JAWA BARAT 40556, INDONESIA", "desa_kelurahan": "CIPTAMUGATI", "kecamatan": "CIKALONG WETAN", "telp_ppk": "022-86866016", "latitude": -6.74374444, "longitude": 107.444976, "tahun": 2019, "Cluster": 0 }, "geometry": { "type": "Point", "coordinates": [ 107.444976, -6.74374444 ] } },
{ "type": "Feature", "properties": { "id": 6, "kode_provinsi": 32, "nama_provinsi": "JAWA BARAT", "kode_kabupaten_kota": 3217, "nama_kabupaten_kota": "KABUPATEN BANDUNG BARAT", "nama_rs": "RSUD LEMBANG", "alamat": "JL. RAYA LEMBANG KM 11,4 NO. 11, GUDANGKAHURIPAN, LEMBANG, GUDANGKAHURIPAN, LEMBANG, KABUPATEN BANDUNG BARAT, JAWA BARAT 40391, INDONESIA", "desa_kelurahan": "GUDANGKAAHURIPAN", "kecamatan": "LEMBANG", "telp_ppk": "022-2786879", "latitude": -6.83820952, "longitude": 107.598325, "tahun": 2019, "Cluster": 0 }, "geometry": { "type": "Point", "coordinates": [ 107.598325, -6.83820952 ] } },
{ "type": "Feature", "properties": { "id": 7, "kode_provinsi": 32, "nama_provinsi": "JAWA BARAT", "kode_kabupaten_kota": 3217, "nama_kabupaten_kota": "KABUPATEN BANDUNG BARAT", "nama_rs": "RSJ PROVINSI JAWA BARAT", "alamat": "JL. KOLONEL MASTURI NO.KM.7, JAMBUDIPA, KEC. CISARUA, KABUPATEN BANDUNG BARAT, JAWA BARAT, INDONESIA", "desa_kelurahan": "JAMBUDIPA", "kecamatan": "CISARUA", "telp_ppk": "022-2700260", "latitude": -6.80901504, "longitude": 107.563111, "tahun": 2019, "Cluster": 0 }, "geometry": { "type": "Point", "coordinates": [ 107.563111, -6.80901504 ] } },
{ "type": "Feature", "properties": { "id": 8, "kode_provinsi": 32, "nama_provinsi": "JAWA BARAT", "kode_kabupaten_kota": 3217, "nama_kabupaten_kota": "KABUPATEN BANDUNG BARAT", "nama_rs": "RSUD CILILIN", "alamat": "JL. CINTAKARYA, CILILIN, KABUPATEN BANDUNG BARAT, JAWA BARAT 40562, INDONESIA", "desa_kelurahan": "CINTAKARYA", "kecamatan": "CILILIN", "telp_ppk": "022-6941600", "latitude": -6.94353815, "longitude": 107.459616, "tahun": 2019, "Cluster": 0 }, "geometry": { "type": "Point", "coordinates": [ 107.459616, -6.94353815 ] } },
{ "type": "Feature", "properties": { "id": 9, "kode_provinsi": 32, "nama_provinsi": "JAWA BARAT", "kode_kabupaten_kota": 3216, "nama_kabupaten_kota": "KABUPATEN BEKASI", "nama_rs": "RSUD KABUPATEN BEKASI", "alamat": "JL. RAYA TEUKU UMAR NO.202, WANASARI, KEC. CIBITUNG, BEKASI, JAWA BARAT 17520, INDONESIA", "desa_kelurahan": "WANASARI", "kecamatan": "CIBITUNG", "telp_ppk": "021-88374444", "latitude": -6.27, "longitude": 107.0, "tahun": 2019, "Cluster": 1 }, "geometry": { "type": "Point", "coordinates": [ 107.0, -6.27 ] } },
{ "type": "Feature", "properties": { "id": 10, "kode_provinsi": 32, "nama_provinsi": "JAWA BARAT", "kode_kabupaten_kota": 3216, "nama_kabupaten_kota": "KABUPATEN BEKASI", "nama_rs": "RSUD CABANGBUNGIN", "alamat": "DESA JAYALAKSANA KECAMATAN CABANG BUNGIN KABUPATEN BEKASI", "desa_kelurahan": "JAYALAKSANA", "kecamatan": "CABANGBUNGIN", "telp_ppk": "0857-1767-8889", "latitude": -6.1, "longitude": 107.0, "tahun": 2019, "Cluster": 1 }, "geometry": { "type": "Point", "coordinates": [ 107.0, -6.1 ] } },
{ "type": "Feature", "properties": { "id": 11, "kode_provinsi": 32, "nama_provinsi": "JAWA BARAT", "kode_kabupaten_kota": 3201, "nama_kabupaten_kota": "KABUPATEN BOGOR", "nama_rs": "RSUD LEUWILIANG", "alamat": "JL. RAYA CIBEBER - LEUWILIANG BOGOR", "desa_kelurahan": "CIBEBER", "kecamatan": "LEUWILIANG", "telp_ppk": "0251-8643290", "latitude": -6.57, "longitude": 107.0, "tahun": 2019, "Cluster": 1 }, "geometry": { "type": "Point", "coordinates": [ 107.0, -6.57 ] } },
{ "type": "Feature", "properties": { "id": 12, "kode_provinsi": 32, "nama_provinsi": "JAWA BARAT", "kode_kabupaten_kota": 3201, "nama_kabupaten_kota": "KABUPATEN BOGOR", "nama_rs": "RSUD CIBINONG", "alamat": "JL. KSR DADI KUSMAYADI NO. 27 CIBINONG BOGOR", "desa_kelurahan": "TENGAH", "kecamatan": "CIBINONG", "telp_ppk": "021-8753487", "latitude": -6.47, "longitude": 107.0, "tahun": 2019, "Cluster": 1 }, "geometry": { "type": "Point", "coordinates": [ 107.0, -6.47 ] } },
{ "type": "Feature", "properties": { "id": 13, "kode_provinsi": 32, "nama_provinsi": "JAWA BARAT", "kode_kabupaten_kota": 3201, "nama_kabupaten_kota": "KABUPATEN BOGOR", "nama_rs": "RSUD CIAWI", "alamat": "JL. RAYA PUNCAK 479 CIAWI BOGOR", "desa_kelurahan": "BENDUNGAN", "kecamatan": "CIAWI", "telp_ppk": "0518-240736", "latitude": -6.66, "longitude": 107.0, "tahun": 2019, "Cluster": 1 }, "geometry": { "type": "Point", "coordinates": [ 107.0, -6.66 ] } },
{ "type": "Feature", "properties": { "id": 14, "kode_provinsi": 32, "nama_provinsi": "JAWA BARAT", "kode_kabupaten_kota": 3201, "nama_kabupaten_kota": "KABUPATEN BOGOR", "nama_rs": "RS UMUM DR MUHAMAD HASSAN TOTO", "alamat": "JL. SARDJIO NO. 1, SEMPLAK KEC. KEMANG", "desa_kelurahan": "ATANG SENJAYA", "kecamatan": "KEMANG", "telp_ppk": "0251-7535976", "latitude": -6.5, "longitude": 107.0, "tahun": 2019, "Cluster": 1 }, "geometry": { "type": "Point", "coordinates": [ 107.0, -6.5 ] } },
{ "type": "Feature", "properties": { "id": 15, "kode_provinsi": 32, "nama_provinsi": "JAWA BARAT", "kode_kabupaten_kota": 3201, "nama_kabupaten_kota": "KABUPATEN BOGOR", "nama_rs": "RSUD CILEUNGSI", "alamat": "JL. RAYA CILEUNGSI-JONGGOL KM.10 CILEUNGSI KABUPATEN BOGOR", "desa_kelurahan": "CIPEUCANG", "kecamatan": "CILEUNGSI", "telp_ppk": "021-89934667", "latitude": -6.43, "longitude": 107.0, "tahun": 2019, "Cluster": 1 }, "geometry": { "type": "Point", "coordinates": [ 107.0, -6.43 ] } },
{ "type": "Feature", "properties": { "id": 16, "kode_provinsi": 32, "nama_provinsi": "JAWA BARAT", "kode_kabupaten_kota": 3207, "nama_kabupaten_kota": "KABUPATEN CIAMIS", "nama_rs": "RSUD CIAMIS", "alamat": "JL. RUMAH SAKIT NO.76, CIAMIS,", "desa_kelurahan": "CIAMIS", "kecamatan": "CIAMIS", "telp_ppk": "0265-771018", "latitude": -7.34, "longitude": 108.0, "tahun": 2019, "Cluster": 0 }, "geometry": { "type": "Point", "coordinates": [ 108.0, -7.34 ] } },
{ "type": "Feature", "properties": { "id": 17, "kode_provinsi": 32, "nama_provinsi": "JAWA BARAT", "kode_kabupaten_kota": 3203, "nama_kabupaten_kota": "KABUPATEN CIANJUR", "nama_rs": "RSUD CIMACAN", "alamat": "JL. RAYA CIMACAN NO.17A, PALASARI, KEC. CIPANAS, KABUPATEN CIANJUR, JAWA BARAT 43253", "desa_kelurahan": "PALASARI", "kecamatan": "CIPANAS", "telp_ppk": "0263-512465", "latitude": -6.72033255, "longitude": 107.032537, "tahun": 2019, "Cluster": 1 }, "geometry": { "type": "Point", "coordinates": [ 107.032537, -6.72033255 ] } },
{ "type": "Feature", "properties": { "id": 18, "kode_provinsi": 32, "nama_provinsi": "JAWA BARAT", "kode_kabupaten_kota": 3203, "nama_kabupaten_kota": "KABUPATEN CIANJUR", "nama_rs": "RSUD SAYANG KAB CIANJUR", "alamat": "JL. RUMAH SAKIT NO.1, BOJONGHERANG, KEC. CIANJUR, KABUPATEN CIANJUR, JAWA BARAT 43216", "desa_kelurahan": "BOJONGHERANG", "kecamatan": "CIANJUR", "telp_ppk": "0263-261026", "latitude": -6.810525, "longitude": 107.141066, "tahun": 2019, "Cluster": 2 }, "geometry": { "type": "Point", "coordinates": [ 107.141066, -6.810525 ] } },
{ "type": "Feature", "properties": { "id": 19, "kode_provinsi": 32, "nama_provinsi": "JAWA BARAT", "kode_kabupaten_kota": 3203, "nama_kabupaten_kota": "KABUPATEN CIANJUR", "nama_rs": "RSUD PAGELARAN", "alamat": "JL. RAYA PAGELARAN NO 18 DESA PAGELARAN KEC. PAGELARAN KABUPATEN CIANJUR 43266", "desa_kelurahan": "DESA PAGELARAN", "kecamatan": "PAGELARAN", "telp_ppk": "0263--2361093", "latitude": -7.21435837, "longitude": 107.139431, "tahun": 2019, "Cluster": 2 }, "geometry": { "type": "Point", "coordinates": [ 107.139431, -7.21435837 ] } },
{ "type": "Feature", "properties": { "id": 20, "kode_provinsi": 32, "nama_provinsi": "JAWA BARAT", "kode_kabupaten_kota": 3209, "nama_kabupaten_kota": "KABUPATEN CIREBON", "nama_rs": "RSUD WALED", "alamat": "JL. PRABU KIANSANTANG NO.4, WALED KOTA, WALED, CIREBON, JAWA BARAT 45187", "desa_kelurahan": "WALED KOTA", "kecamatan": "WALED", "telp_ppk": "0231-661126", "latitude": -6.91304, "longitude": 108.719, "tahun": 2019, "Cluster": 3 }, "geometry": { "type": "Point", "coordinates": [ 108.719, -6.91304 ] } },
{ "type": "Feature", "properties": { "id": 21, "kode_provinsi": 32, "nama_provinsi": "JAWA BARAT", "kode_kabupaten_kota": 3209, "nama_kabupaten_kota": "KABUPATEN CIREBON", "nama_rs": "RS PARU PROVINSI JAWA BARAT", "alamat": "JL. PANGERAN KEJAKSAN PO.BOX 4 DESA SIDAWANGI, KECAMATAN SUMBER KABUPATEN CIREBON", "desa_kelurahan": "SIDAWANGI", "kecamatan": "SUMBER", "telp_ppk": "0231--8330707", "latitude": -6.797155, "longitude": 108.475501, "tahun": 2019, "Cluster": 3 }, "geometry": { "type": "Point", "coordinates": [ 108.475501, -6.797155 ] } },
{ "type": "Feature", "properties": { "id": 22, "kode_provinsi": 32, "nama_provinsi": "JAWA BARAT", "kode_kabupaten_kota": 3209, "nama_kabupaten_kota": "KABUPATEN CIREBON", "nama_rs": "RSUD RJAWINANGUN", "alamat": "JL. BY PASS PALIMANAN JAKARTA KM. 2 NO. 1, KEBONTURI, KEC. ARJAWINANGUN, KABUPATEN CIREBON, JAWA BARAT 45162", "desa_kelurahan": "KEBONTURI", "kecamatan": "ARJAWINANGUN", "telp_ppk": "0231-358335", "latitude": -6.6565688, "longitude": 108.412696, "tahun": 2019, "Cluster": 3 }, "geometry": { "type": "Point", "coordinates": [ 108.412696, -6.6565688 ] } },
{ "type": "Feature", "properties": { "id": 23, "kode_provinsi": 32, "nama_provinsi": "JAWA BARAT", "kode_kabupaten_kota": 3205, "nama_kabupaten_kota": "KABUPATEN GARUT", "nama_rs": "RSUD PAMEUNGPEUK", "alamat": "JL. MIRAMAREU NO.99, SIRNABAKTI, PAMEUNGPEUK, KABUPATEN GARUT, JAWA BARAT 44175", "desa_kelurahan": "SIRNABAKTI", "kecamatan": "PAMEUNGPEUK", "telp_ppk": "0262-2816017", "latitude": -7.22540946, "longitude": 107.911241, "tahun": 2019, "Cluster": 0 }, "geometry": { "type": "Point", "coordinates": [ 107.911241, -7.22540946 ] } },
{ "type": "Feature", "properties": { "id": 24, "kode_provinsi": 32, "nama_provinsi": "JAWA BARAT", "kode_kabupaten_kota": 3205, "nama_kabupaten_kota": "KABUPATEN GARUT", "nama_rs": "RSUD DR SLAMET GARUT", "alamat": "JL. RSU DR. SLAMET NO.12, SUKAKARYA, KEC. TAROGONG KIDUL, KABUPATEN GARUT, JAWA BARAT 44151", "desa_kelurahan": "SUKAKARYA", "kecamatan": "TAROGONG KIDUL", "telp_ppk": "0262-232720", "latitude": -7.213105, "longitude": 107.920109, "tahun": 2019, "Cluster": 0 }, "geometry": { "type": "Point", "coordinates": [ 107.920109, -7.213105 ] } },
{ "type": "Feature", "properties": { "id": 25, "kode_provinsi": 32, "nama_provinsi": "JAWA BARAT", "kode_kabupaten_kota": 3212, "nama_kabupaten_kota": "KABUPATEN INDRAMAYU", "nama_rs": "RSUD INDRAMAYU", "alamat": "JL. MURAHNARA NO.7, SINDANG, KABUPATEN INDRAMAYU, JAWA BARAT 45222", "desa_kelurahan": "SINDANG", "kecamatan": "INDRAMAYU", "telp_ppk": "0234-023427265", "latitude": -6.33021, "longitude": 108.32, "tahun": 2019, "Cluster": 3 }, "geometry": { "type": "Point", "coordinates": [ 108.32, -6.33021 ] } },
{ "type": "Feature", "properties": { "id": 26, "kode_provinsi": 32, "nama_provinsi": "JAWA BARAT", "kode_kabupaten_kota": 3212, "nama_kabupaten_kota": "KABUPATEN INDRAMAYU", "nama_rs": "RSUD PANTURA MA SENTOT PATROL", "alamat": "JL. RAYA PATROL NO.KM.46, PATROL LOR, KEC. PATROL, KABUPATEN INDRAMAYU, JAWA BARAT 45257", "desa_kelurahan": "PATROL LOR", "kecamatan": "PATROL", "telp_ppk": "0234-612715", "latitude": -6.31432086, "longitude": 107.998717, "tahun": 2019, "Cluster": 0 }, "geometry": { "type": "Point", "coordinates": [ 107.998717, -6.31432086 ] } },
{ "type": "Feature", "properties": { "id": 27, "kode_provinsi": 32, "nama_provinsi": "JAWA BARAT", "kode_kabupaten_kota": 3215, "nama_kabupaten_kota": "KABUPATEN KARAWANG", "nama_rs": "RSUD KARAWANG", "alamat": "JL. GALUH MAS RAYA NO.1, SUKAHARJA, KEC. TELUKJAMBE TIM., KABUPATEN KARAWANG, JAWA BARAT 41361", "desa_kelurahan": "SUKAHARJA", "kecamatan": "TELUKJAMBE TIMUR", "telp_ppk": "0267-640444", "latitude": -6.320752, "longitude": 107.293131, "tahun": 2019, "Cluster": 4 }, "geometry": { "type": "Point", "coordinates": [ 107.293131, -6.320752 ] } },
{ "type": "Feature", "properties": { "id": 28, "kode_provinsi": 32, "nama_provinsi": "JAWA BARAT", "kode_kabupaten_kota": 3208, "nama_kabupaten_kota": "KABUPATEN KUNINGAN", "nama_rs": "RSUD LINGGARJATI", "alamat": "JL. RAYA BANDORASA WETAN NO.36", "desa_kelurahan": "BANDORASA WETAN", "kecamatan": "CILIMUS", "telp_ppk": "0232-614885", "latitude": -6.885481, "longitude": 108.493841, "tahun": 2019, "Cluster": 3 }, "geometry": { "type": "Point", "coordinates": [ 108.493841, -6.885481 ] } },
{ "type": "Feature", "properties": { "id": 29, "kode_provinsi": 32, "nama_provinsi": "JAWA BARAT", "kode_kabupaten_kota": 3208, "nama_kabupaten_kota": "KABUPATEN KUNINGAN", "nama_rs": "RSUD 45 KUNINGAN", "alamat": "JL .JEND SUDIRMAN NO. 68", "desa_kelurahan": "KUNINGAN", "kecamatan": "KUNINGAN", "telp_ppk": "0232-023287188", "latitude": -6.984283, "longitude": 108.481617, "tahun": 2019, "Cluster": 3 }, "geometry": { "type": "Point", "coordinates": [ 108.481617, -6.984283 ] } },
{ "type": "Feature", "properties": { "id": 30, "kode_provinsi": 32, "nama_provinsi": "JAWA BARAT", "kode_kabupaten_kota": 3210, "nama_kabupaten_kota": "KABUPATEN MAJALENGKA", "nama_rs": "RSUD CIDERES", "alamat": "JL. RAYA CIDERES - KADIPATEN NO 180", "desa_kelurahan": "BOJONGCIDERES", "kecamatan": "DAWUAN", "telp_ppk": "0233-023366100", "latitude": -6.760698, "longitude": 108.195011, "tahun": 2019, "Cluster": 3 }, "geometry": { "type": "Point", "coordinates": [ 108.195011, -6.760698 ] } },
{ "type": "Feature", "properties": { "id": 31, "kode_provinsi": 32, "nama_provinsi": "JAWA BARAT", "kode_kabupaten_kota": 3210, "nama_kabupaten_kota": "KABUPATEN MAJALENGKA", "nama_rs": "RSUD KABUPATEN MAJALENGKA", "alamat": "JL. KESEHATAN NO. 77 MAJALENGKA", "desa_kelurahan": "MAJALENGKA WETAN", "kecamatan": "MAJALENGKA", "telp_ppk": "0233-281189", "latitude": -6.833815, "longitude": 108.233428, "tahun": 2019, "Cluster": 3 }, "geometry": { "type": "Point", "coordinates": [ 108.233428, -6.833815 ] } },
{ "type": "Feature", "properties": { "id": 32, "kode_provinsi": 32, "nama_provinsi": "JAWA BARAT", "kode_kabupaten_kota": 3218, "nama_kabupaten_kota": "KABUPATEN PANGANDARAN", "nama_rs": "RSUD KABUPATEN PANGANDARAN", "alamat": "JL. PANANJUNG NO.412", "desa_kelurahan": "PANANJUNG", "kecamatan": "PANGANDARAN", "telp_ppk": "0", "latitude": -7.681342, "longitude": 108.647689, "tahun": 2019, "Cluster": 3 }, "geometry": { "type": "Point", "coordinates": [ 108.647689, -7.681342 ] } },
{ "type": "Feature", "properties": { "id": 33, "kode_provinsi": 32, "nama_provinsi": "JAWA BARAT", "kode_kabupaten_kota": 3214, "nama_kabupaten_kota": "KABUPATEN PURWAKARTA", "nama_rs": "RSUD BAYU ASIH", "alamat": "JL. VETERAN NO. 39", "desa_kelurahan": "NAGRI KALER", "kecamatan": " PURWAKARTA", "telp_ppk": "0264-200100", "latitude": -6.5381349, "longitude": 107.443049, "tahun": 2019, "Cluster": 0 }, "geometry": { "type": "Point", "coordinates": [ 107.443049, -6.5381349 ] } },
{ "type": "Feature", "properties": { "id": 34, "kode_provinsi": 32, "nama_provinsi": "JAWA BARAT", "kode_kabupaten_kota": 3213, "nama_kabupaten_kota": "KABUPATEN SUBANG", "nama_rs": "RSUD KAB SUBANG", "alamat": "JL. BRIGJEN KATAMSO NO.37", "desa_kelurahan": " DANGDEUR", "kecamatan": "SUBANG", "telp_ppk": "0260-417442", "latitude": -6.558127, "longitude": 107.747054, "tahun": 2019, "Cluster": 0 }, "geometry": { "type": "Point", "coordinates": [ 107.747054, -6.558127 ] } },
{ "type": "Feature", "properties": { "id": 35, "kode_provinsi": 32, "nama_provinsi": "JAWA BARAT", "kode_kabupaten_kota": 3202, "nama_kabupaten_kota": "KABUPATEN SUKABUMI", "nama_rs": "RSUD SEKARWANGI", "alamat": "JL. SILIWANGI 49 CIBADAK", "desa_kelurahan": "CIBADAK", "kecamatan": "CIBADAK", "telp_ppk": "0266-531261", "latitude": -6.89662, "longitude": 106.793175, "tahun": 2019, "Cluster": 5 }, "geometry": { "type": "Point", "coordinates": [ 106.793175, -6.89662 ] } },
{ "type": "Feature", "properties": { "id": 36, "kode_provinsi": 32, "nama_provinsi": "JAWA BARAT", "kode_kabupaten_kota": 3202, "nama_kabupaten_kota": "KABUPATEN SUKABUMI", "nama_rs": "RSUD JAMPANG KULON", "alamat": "JL. CIBARUSAH NO. 1", "desa_kelurahan": " TANJUNG", "kecamatan": "JAMPANG KULON", "telp_ppk": "0266-490009", "latitude": -7.252668, "longitude": 106.625497, "tahun": 2019, "Cluster": 6 }, "geometry": { "type": "Point", "coordinates": [ 106.625497, -7.252668 ] } },
{ "type": "Feature", "properties": { "id": 37, "kode_provinsi": 32, "nama_provinsi": "JAWA BARAT", "kode_kabupaten_kota": 3202, "nama_kabupaten_kota": "KABUPATEN SUKABUMI", "nama_rs": "RSUD PALABUHANRATU", "alamat": "JL. AHMAD YANI NO.2", "desa_kelurahan": "CITEPUS", "kecamatan": "PALABUHANRATU", "telp_ppk": "0266-432081", "latitude": -6.98904, "longitude": 106.557929, "tahun": 2019, "Cluster": 6 }, "geometry": { "type": "Point", "coordinates": [ 106.557929, -6.98904 ] } },
{ "type": "Feature", "properties": { "id": 38, "kode_provinsi": 32, "nama_provinsi": "JAWA BARAT", "kode_kabupaten_kota": 3211, "nama_kabupaten_kota": "KABUPATEN SUMEDANG", "nama_rs": "RSUD SUMEDANG", "alamat": "JL. PALASARI NO. 80", "desa_kelurahan": "KOTAKULON", "kecamatan": "SUMEDANG SELATAN", "telp_ppk": "0261-201021", "latitude": -6.857049, "longitude": 107.920718, "tahun": 2019, "Cluster": 0 }, "geometry": { "type": "Point", "coordinates": [ 107.920718, -6.857049 ] } },
{ "type": "Feature", "properties": { "id": 39, "kode_provinsi": 32, "nama_provinsi": "JAWA BARAT", "kode_kabupaten_kota": 3206, "nama_kabupaten_kota": "KABUPATEN TASIKMALAYA", "nama_rs": "RSUD SINGAPARNA MEDIKA CITRAUTAMA (SMC)", "alamat": "JL. RAYA RANCAMAYA", "desa_kelurahan": "CIKUNTEN", "kecamatan": "SINGAPARNA", "telp_ppk": "0812-157-5782", "latitude": -7.358758, "longitude": 108.106736, "tahun": 2019, "Cluster": 3 }, "geometry": { "type": "Point", "coordinates": [ 108.106736, -7.358758 ] } },
{ "type": "Feature", "properties": { "id": 40, "kode_provinsi": 32, "nama_provinsi": "JAWA BARAT", "kode_kabupaten_kota": 3273, "nama_kabupaten_kota": "KOTA BANDUNG", "nama_rs": "RSU PUSAT DR. HASAN SADIKIN", "alamat": "JL. PASTEUR NO. 38", "desa_kelurahan": "PASTEUR", "kecamatan": "SUKAJADI", "telp_ppk": "022-2034954", "latitude": -6.90017, "longitude": 107.600984, "tahun": 2019, "Cluster": 0 }, "geometry": { "type": "Point", "coordinates": [ 107.600984, -6.90017 ] } },
{ "type": "Feature", "properties": { "id": 41, "kode_provinsi": 32, "nama_provinsi": "JAWA BARAT", "kode_kabupaten_kota": 3273, "nama_kabupaten_kota": "KOTA BANDUNG", "nama_rs": "RSUD KOTA BANDUNG", "alamat": "JL. RUMAH SAKIT NO. 22 UJUNG BERUNG", "desa_kelurahan": "PAKEMITAN", "kecamatan": "CINAMBO", "telp_ppk": "022-7811794", "latitude": -6.91541, "longitude": 107.69934, "tahun": 2019, "Cluster": 0 }, "geometry": { "type": "Point", "coordinates": [ 107.69934, -6.91541 ] } },
{ "type": "Feature", "properties": { "id": 42, "kode_provinsi": 32, "nama_provinsi": "JAWA BARAT", "kode_kabupaten_kota": 3279, "nama_kabupaten_kota": "KOTA BANJAR", "nama_rs": "RSUD KOTA BANJAR", "alamat": "JL. RUMAH SAKIT UMUM NO. 5", "desa_kelurahan": "HEGARSARI", "kecamatan": "PATARUMAN", "telp_ppk": "0265-332314", "latitude": -7.368493, "longitude": 108.543096, "tahun": 2019, "Cluster": 3 }, "geometry": { "type": "Point", "coordinates": [ 108.543096, -7.368493 ] } },
{ "type": "Feature", "properties": { "id": 43, "kode_provinsi": 32, "nama_provinsi": "JAWA BARAT", "kode_kabupaten_kota": 3275, "nama_kabupaten_kota": "KOTA BEKASI", "nama_rs": "RSUD KOTA BEKASI", "alamat": "JL. PRAMUKA NO. 55", "desa_kelurahan": "MARGA JAYA", "kecamatan": "BEKASI SELATAN", "telp_ppk": "021-8841005", "latitude": -6.270428, "longitude": 107.004955, "tahun": 2019, "Cluster": 1 }, "geometry": { "type": "Point", "coordinates": [ 107.004955, -6.270428 ] } },
{ "type": "Feature", "properties": { "id": 44, "kode_provinsi": 32, "nama_provinsi": "JAWA BARAT", "kode_kabupaten_kota": 3271, "nama_kabupaten_kota": "KOTA BOGOR", "nama_rs": "RSUD KOTA BOGOR", "alamat": "JL. DOKTOR SUMERU NO 120 BOGOR", "desa_kelurahan": "MENTENG", "kecamatan": "BOGOR BARAT", "telp_ppk": "0251-8312292", "latitude": -6.58041, "longitude": 106.778, "tahun": 2019, "Cluster": 5 }, "geometry": { "type": "Point", "coordinates": [ 106.778, -6.58041 ] } },
{ "type": "Feature", "properties": { "id": 45, "kode_provinsi": 32, "nama_provinsi": "JAWA BARAT", "kode_kabupaten_kota": 3277, "nama_kabupaten_kota": "KOTA CIMAHI", "nama_rs": "RSUD CIBABAT", "alamat": "JL. RAYA CIBABAT NO 140 CIMAHI", "desa_kelurahan": "CIBABAT", "kecamatan": "CIMAHI UTARA", "telp_ppk": "022-6652025", "latitude": -6.87924083, "longitude": 107.550775, "tahun": 2019, "Cluster": 0 }, "geometry": { "type": "Point", "coordinates": [ 107.550775, -6.87924083 ] } },
{ "type": "Feature", "properties": { "id": 46, "kode_provinsi": 32, "nama_provinsi": "JAWA BARAT", "kode_kabupaten_kota": 3274, "nama_kabupaten_kota": "KOTA CIREBON", "nama_rs": "RSUD GUNUNG JATI", "alamat": "JL. KESAMBI NO 56", "desa_kelurahan": "DRAJAT", "kecamatan": "KESAMBI", "telp_ppk": "0231-20633", "latitude": -6.73077263, "longitude": 108.555372, "tahun": 2019, "Cluster": 3 }, "geometry": { "type": "Point", "coordinates": [ 108.555372, -6.73077263 ] } },
{ "type": "Feature", "properties": { "id": 47, "kode_provinsi": 32, "nama_provinsi": "JAWA BARAT", "kode_kabupaten_kota": 3276, "nama_kabupaten_kota": "KOTA DEPOK", "nama_rs": "RSUD KOTA DEPOK", "alamat": "JL. RAYA MUCHTAR NO.99, SAWANGAN LAMA, KEC. SAWANGAN, KOTA DEPOK, JAWA BARAT 16511", "desa_kelurahan": "SAWANGAN LAMA", "kecamatan": "SAWANGAN", "telp_ppk": "0251-8602514", "latitude": -6.395751, "longitude": 106.759009, "tahun": 2019, "Cluster": 5 }, "geometry": { "type": "Point", "coordinates": [ 106.759009, -6.395751 ] } },
{ "type": "Feature", "properties": { "id": 48, "kode_provinsi": 32, "nama_provinsi": "JAWA BARAT", "kode_kabupaten_kota": 3272, "nama_kabupaten_kota": "KOTA SUKABUMI", "nama_rs": "RSUD R. SAMSUDIN SH", "alamat": "JL. RUMAH SAKIT NO.1", "desa_kelurahan": "CIKOLE", "kecamatan": "CIKOLE", "telp_ppk": "0266-225180", "latitude": -6.914882, "longitude": 106.934792, "tahun": 2019, "Cluster": 1 }, "geometry": { "type": "Point", "coordinates": [ 106.934792, -6.914882 ] } },
{ "type": "Feature", "properties": { "id": 49, "kode_provinsi": 32, "nama_provinsi": "JAWA BARAT", "kode_kabupaten_kota": 3272, "nama_kabupaten_kota": "KOTA SUKABUMI", "nama_rs": "RSUD AL MULK", "alamat": "JL. PELABUHAN II KM 6", "desa_kelurahan": "LEMBURSITU", "kecamatan": "LEMBURSITU", "telp_ppk": "0266-6243088", "latitude": -6.958535, "longitude": 106.897496, "tahun": 2019, "Cluster": 1 }, "geometry": { "type": "Point", "coordinates": [ 106.897496, -6.958535 ] } },
{ "type": "Feature", "properties": { "id": 50, "kode_provinsi": 32, "nama_provinsi": "JAWA BARAT", "kode_kabupaten_kota": 3278, "nama_kabupaten_kota": "KOTA TASIKMALAYA", "nama_rs": "RSUD DR. SOEKARDJO", "alamat": "JL. RUMAH SAKIT NO.33", "desa_kelurahan": "EMPANGSARI", "kecamatan": "TAWANG", "telp_ppk": "0265-331680", "latitude": -7.33234718, "longitude": 108.22529, "tahun": 2019, "Cluster": 3 }, "geometry": { "type": "Point", "coordinates": [ 108.22529, -7.33234718 ] } },
{ "type": "Feature", "properties": { "id": 51, "kode_provinsi": 32, "nama_provinsi": "JAWA BARAT", "kode_kabupaten_kota": 3204, "nama_kabupaten_kota": "KABUPATEN BANDUNG", "nama_rs": "RSUD CICALENGKA", "alamat": "JL. H. DARHAM CIKOPO NO.35, TENJOLAYA, KEC. CICALENGKA, BANDUNG, JAWA BARAT 40395", "desa_kelurahan": "TENJOLAYA", "kecamatan": "CICALENGKA", "telp_ppk": "022-7952202", "latitude": -6.98233728, "longitude": 107.842052, "tahun": 2020, "Cluster": 0 }, "geometry": { "type": "Point", "coordinates": [ 107.842052, -6.98233728 ] } },
{ "type": "Feature", "properties": { "id": 52, "kode_provinsi": 32, "nama_provinsi": "JAWA BARAT", "kode_kabupaten_kota": 3204, "nama_kabupaten_kota": "KABUPATEN BANDUNG", "nama_rs": "RSUD AL IHSAN", "alamat": "JL. KI ASTRAMANGGALA, BALEENDAH, KEC. BALEENDAH, BANDUNG, JAWA BARAT 40381, INDONESIA", "desa_kelurahan": "BALEENDAH", "kecamatan": "BALEENDAH", "telp_ppk": "022-5940872", "latitude": -7.00770719, "longitude": 107.624064, "tahun": 2020, "Cluster": 0 }, "geometry": { "type": "Point", "coordinates": [ 107.624064, -7.00770719 ] } },
{ "type": "Feature", "properties": { "id": 53, "kode_provinsi": 32, "nama_provinsi": "JAWA BARAT", "kode_kabupaten_kota": 3204, "nama_kabupaten_kota": "KABUPATEN BANDUNG", "nama_rs": "RSUD MAJALAYA", "alamat": "JL. CIPAKU NO.87, CIPAKU, KEC. PASEH, BANDUNG, JAWA BARAT 40383, INDONESIA", "desa_kelurahan": "CIPAKU", "kecamatan": "PASEH", "telp_ppk": "022-5950035", "latitude": -7.04929, "longitude": 107.772, "tahun": 2020, "Cluster": 0 }, "geometry": { "type": "Point", "coordinates": [ 107.772, -7.04929 ] } },
{ "type": "Feature", "properties": { "id": 54, "kode_provinsi": 32, "nama_provinsi": "JAWA BARAT", "kode_kabupaten_kota": 3204, "nama_kabupaten_kota": "KABUPATEN BANDUNG", "nama_rs": "RSUD SOREANG", "alamat": "JL. ALUN-ALUN UTARA NO.1, PAMEKARAN, KEC. SOREANG, BANDUNG, JAWA BARAT 40912, INDONESIA", "desa_kelurahan": "PAMEKARAN", "kecamatan": "SOREANG", "telp_ppk": "022-5891355", "latitude": -7.03, "longitude": 108.0, "tahun": 2020, "Cluster": 0 }, "geometry": { "type": "Point", "coordinates": [ 108.0, -7.03 ] } },
{ "type": "Feature", "properties": { "id": 55, "kode_provinsi": 32, "nama_provinsi": "JAWA BARAT", "kode_kabupaten_kota": 3217, "nama_kabupaten_kota": "KABUPATEN BANDUNG BARAT", "nama_rs": "RSUD CIKALONG WETAN", "alamat": "JL. CIKALONG NO.290, CIPTAGUMATI, KEC. CIKALONG WETAN, KABUPATEN BANDUNG BARAT, JAWA BARAT 40556, INDONESIA", "desa_kelurahan": "CIPTAMUGATI", "kecamatan": "CIKALONG WETAN", "telp_ppk": "022-86866016", "latitude": -6.74374444, "longitude": 107.444976, "tahun": 2020, "Cluster": 0 }, "geometry": { "type": "Point", "coordinates": [ 107.444976, -6.74374444 ] } },
{ "type": "Feature", "properties": { "id": 56, "kode_provinsi": 32, "nama_provinsi": "JAWA BARAT", "kode_kabupaten_kota": 3217, "nama_kabupaten_kota": "KABUPATEN BANDUNG BARAT", "nama_rs": "RSUD LEMBANG", "alamat": "JL. RAYA LEMBANG KM 11,4 NO. 11, GUDANGKAHURIPAN, LEMBANG, GUDANGKAHURIPAN, LEMBANG, KABUPATEN BANDUNG BARAT, JAWA BARAT 40391, INDONESIA", "desa_kelurahan": "GUDANGKAAHURIPAN", "kecamatan": "LEMBANG", "telp_ppk": "022-2786879", "latitude": -6.83820952, "longitude": 107.598325, "tahun": 2020, "Cluster": 0 }, "geometry": { "type": "Point", "coordinates": [ 107.598325, -6.83820952 ] } },
{ "type": "Feature", "properties": { "id": 57, "kode_provinsi": 32, "nama_provinsi": "JAWA BARAT", "kode_kabupaten_kota": 3217, "nama_kabupaten_kota": "KABUPATEN BANDUNG BARAT", "nama_rs": "RSJ PROVINSI JAWA BARAT", "alamat": "JL. KOLONEL MASTURI NO.KM.7, JAMBUDIPA, KEC. CISARUA, KABUPATEN BANDUNG BARAT, JAWA BARAT, INDONESIA", "desa_kelurahan": "JAMBUDIPA", "kecamatan": "CISARUA", "telp_ppk": "022-2700260", "latitude": -6.80901504, "longitude": 107.563111, "tahun": 2020, "Cluster": 0 }, "geometry": { "type": "Point", "coordinates": [ 107.563111, -6.80901504 ] } },
{ "type": "Feature", "properties": { "id": 58, "kode_provinsi": 32, "nama_provinsi": "JAWA BARAT", "kode_kabupaten_kota": 3217, "nama_kabupaten_kota": "KABUPATEN BANDUNG BARAT", "nama_rs": "RSUD CILILIN", "alamat": "JL. CINTAKARYA, CILILIN, KABUPATEN BANDUNG BARAT, JAWA BARAT 40562, INDONESIA", "desa_kelurahan": "CINTAKARYA", "kecamatan": "CILILIN", "telp_ppk": "022-6941600", "latitude": -6.94353815, "longitude": 107.459616, "tahun": 2020, "Cluster": 0 }, "geometry": { "type": "Point", "coordinates": [ 107.459616, -6.94353815 ] } },
{ "type": "Feature", "properties": { "id": 59, "kode_provinsi": 32, "nama_provinsi": "JAWA BARAT", "kode_kabupaten_kota": 3216, "nama_kabupaten_kota": "KABUPATEN BEKASI", "nama_rs": "RSUD KABUPATEN BEKASI", "alamat": "JL. RAYA TEUKU UMAR NO.202, WANASARI, KEC. CIBITUNG, BEKASI, JAWA BARAT 17520, INDONESIA", "desa_kelurahan": "WANASARI", "kecamatan": "CIBITUNG", "telp_ppk": "021-88374444", "latitude": -6.27, "longitude": 107.0, "tahun": 2020, "Cluster": 1 }, "geometry": { "type": "Point", "coordinates": [ 107.0, -6.27 ] } },
{ "type": "Feature", "properties": { "id": 60, "kode_provinsi": 32, "nama_provinsi": "JAWA BARAT", "kode_kabupaten_kota": 3216, "nama_kabupaten_kota": "KABUPATEN BEKASI", "nama_rs": "RSUD CABANGBUNGIN", "alamat": "DESA JAYALAKSANA KECAMATAN CABANG BUNGIN KABUPATEN BEKASI", "desa_kelurahan": "JAYALAKSANA", "kecamatan": "CABANGBUNGIN", "telp_ppk": "0857-1767-8889", "latitude": -6.1, "longitude": 107.0, "tahun": 2020, "Cluster": 1 }, "geometry": { "type": "Point", "coordinates": [ 107.0, -6.1 ] } },
{ "type": "Feature", "properties": { "id": 61, "kode_provinsi": 32, "nama_provinsi": "JAWA BARAT", "kode_kabupaten_kota": 3201, "nama_kabupaten_kota": "KABUPATEN BOGOR", "nama_rs": "RSUD LEUWILIANG", "alamat": "JL. RAYA CIBEBER - LEUWILIANG BOGOR", "desa_kelurahan": "CIBEBER", "kecamatan": "LEUWILIANG", "telp_ppk": "0251-8643290", "latitude": -6.57, "longitude": 107.0, "tahun": 2020, "Cluster": 1 }, "geometry": { "type": "Point", "coordinates": [ 107.0, -6.57 ] } },
{ "type": "Feature", "properties": { "id": 62, "kode_provinsi": 32, "nama_provinsi": "JAWA BARAT", "kode_kabupaten_kota": 3201, "nama_kabupaten_kota": "KABUPATEN BOGOR", "nama_rs": "RSUD CIBINONG", "alamat": "JL. KSR DADI KUSMAYADI NO. 27 CIBINONG BOGOR", "desa_kelurahan": "TENGAH", "kecamatan": "CIBINONG", "telp_ppk": "021-8753487", "latitude": -6.47, "longitude": 107.0, "tahun": 2020, "Cluster": 1 }, "geometry": { "type": "Point", "coordinates": [ 107.0, -6.47 ] } },
{ "type": "Feature", "properties": { "id": 63, "kode_provinsi": 32, "nama_provinsi": "JAWA BARAT", "kode_kabupaten_kota": 3201, "nama_kabupaten_kota": "KABUPATEN BOGOR", "nama_rs": "RSUD CIAWI", "alamat": "JL. RAYA PUNCAK 479 CIAWI BOGOR", "desa_kelurahan": "BENDUNGAN", "kecamatan": "CIAWI", "telp_ppk": "0518-240736", "latitude": -6.66, "longitude": 107.0, "tahun": 2020, "Cluster": 1 }, "geometry": { "type": "Point", "coordinates": [ 107.0, -6.66 ] } },
{ "type": "Feature", "properties": { "id": 64, "kode_provinsi": 32, "nama_provinsi": "JAWA BARAT", "kode_kabupaten_kota": 3201, "nama_kabupaten_kota": "KABUPATEN BOGOR", "nama_rs": "RS UMUM DR MUHAMAD HASSAN TOTO", "alamat": "JL. SARDJIO NO. 1, SEMPLAK KEC. KEMANG", "desa_kelurahan": "ATANG SENJAYA", "kecamatan": "KEMANG", "telp_ppk": "0251-7535976", "latitude": -6.5, "longitude": 107.0, "tahun": 2020, "Cluster": 1 }, "geometry": { "type": "Point", "coordinates": [ 107.0, -6.5 ] } },
{ "type": "Feature", "properties": { "id": 65, "kode_provinsi": 32, "nama_provinsi": "JAWA BARAT", "kode_kabupaten_kota": 3201, "nama_kabupaten_kota": "KABUPATEN BOGOR", "nama_rs": "RSUD CILEUNGSI", "alamat": "JL. RAYA CILEUNGSI-JONGGOL KM.10 CILEUNGSI KABUPATEN BOGOR", "desa_kelurahan": "CIPEUCANG", "kecamatan": "CILEUNGSI", "telp_ppk": "021-89934667", "latitude": -6.43, "longitude": 107.0, "tahun": 2020, "Cluster": 1 }, "geometry": { "type": "Point", "coordinates": [ 107.0, -6.43 ] } },
{ "type": "Feature", "properties": { "id": 66, "kode_provinsi": 32, "nama_provinsi": "JAWA BARAT", "kode_kabupaten_kota": 3207, "nama_kabupaten_kota": "KABUPATEN CIAMIS", "nama_rs": "RSUD CIAMIS", "alamat": "JL. RUMAH SAKIT NO.76, CIAMIS,", "desa_kelurahan": "CIAMIS", "kecamatan": "CIAMIS", "telp_ppk": "0265-771018", "latitude": -7.34, "longitude": 108.0, "tahun": 2020, "Cluster": 0 }, "geometry": { "type": "Point", "coordinates": [ 108.0, -7.34 ] } },
{ "type": "Feature", "properties": { "id": 67, "kode_provinsi": 32, "nama_provinsi": "JAWA BARAT", "kode_kabupaten_kota": 3203, "nama_kabupaten_kota": "KABUPATEN CIANJUR", "nama_rs": "RSUD CIMACAN", "alamat": "JL. RAYA CIMACAN NO.17A, PALASARI, KEC. CIPANAS, KABUPATEN CIANJUR, JAWA BARAT 43253", "desa_kelurahan": "PALASARI", "kecamatan": "CIPANAS", "telp_ppk": "0263-512465", "latitude": -6.72033255, "longitude": 107.032537, "tahun": 2020, "Cluster": 1 }, "geometry": { "type": "Point", "coordinates": [ 107.032537, -6.72033255 ] } },
{ "type": "Feature", "properties": { "id": 68, "kode_provinsi": 32, "nama_provinsi": "JAWA BARAT", "kode_kabupaten_kota": 3203, "nama_kabupaten_kota": "KABUPATEN CIANJUR", "nama_rs": "RSUD SAYANG KAB CIANJUR", "alamat": "JL. RUMAH SAKIT NO.1, BOJONGHERANG, KEC. CIANJUR, KABUPATEN CIANJUR, JAWA BARAT 43216", "desa_kelurahan": "BOJONGHERANG", "kecamatan": "CIANJUR", "telp_ppk": "0263-261026", "latitude": -6.810525, "longitude": 107.141066, "tahun": 2020, "Cluster": 2 }, "geometry": { "type": "Point", "coordinates": [ 107.141066, -6.810525 ] } },
{ "type": "Feature", "properties": { "id": 69, "kode_provinsi": 32, "nama_provinsi": "JAWA BARAT", "kode_kabupaten_kota": 3203, "nama_kabupaten_kota": "KABUPATEN CIANJUR", "nama_rs": "RSUD PAGELARAN", "alamat": "JL. RAYA PAGELARAN NO 18 DESA PAGELARAN KEC. PAGELARAN KABUPATEN CIANJUR 43266", "desa_kelurahan": "DESA PAGELARAN", "kecamatan": "PAGELARAN", "telp_ppk": "0263--2361093", "latitude": -7.21435837, "longitude": 107.139431, "tahun": 2020, "Cluster": 2 }, "geometry": { "type": "Point", "coordinates": [ 107.139431, -7.21435837 ] } },
{ "type": "Feature", "properties": { "id": 70, "kode_provinsi": 32, "nama_provinsi": "JAWA BARAT", "kode_kabupaten_kota": 3209, "nama_kabupaten_kota": "KABUPATEN CIREBON", "nama_rs": "RSUD WALED", "alamat": "JL. PRABU KIANSANTANG NO.4, WALED KOTA, WALED, CIREBON, JAWA BARAT 45187", "desa_kelurahan": "WALED KOTA", "kecamatan": "WALED", "telp_ppk": "0231-661126", "latitude": -6.91304, "longitude": 108.719, "tahun": 2020, "Cluster": 3 }, "geometry": { "type": "Point", "coordinates": [ 108.719, -6.91304 ] } },
{ "type": "Feature", "properties": { "id": 71, "kode_provinsi": 32, "nama_provinsi": "JAWA BARAT", "kode_kabupaten_kota": 3209, "nama_kabupaten_kota": "KABUPATEN CIREBON", "nama_rs": "RS PARU PROVINSI JAWA BARAT", "alamat": "JL. PANGERAN KEJAKSAN PO.BOX 4 DESA SIDAWANGI, KECAMATAN SUMBER KABUPATEN CIREBON", "desa_kelurahan": "SIDAWANGI", "kecamatan": "SUMBER", "telp_ppk": "0231--8330707", "latitude": -6.797155, "longitude": 108.475501, "tahun": 2020, "Cluster": 3 }, "geometry": { "type": "Point", "coordinates": [ 108.475501, -6.797155 ] } },
{ "type": "Feature", "properties": { "id": 72, "kode_provinsi": 32, "nama_provinsi": "JAWA BARAT", "kode_kabupaten_kota": 3209, "nama_kabupaten_kota": "KABUPATEN CIREBON", "nama_rs": "RSUD RJAWINANGUN", "alamat": "JL. BY PASS PALIMANAN JAKARTA KM. 2 NO. 1, KEBONTURI, KEC. ARJAWINANGUN, KABUPATEN CIREBON, JAWA BARAT 45162", "desa_kelurahan": "KEBONTURI", "kecamatan": "ARJAWINANGUN", "telp_ppk": "0231-358335", "latitude": -6.6565688, "longitude": 108.412696, "tahun": 2020, "Cluster": 3 }, "geometry": { "type": "Point", "coordinates": [ 108.412696, -6.6565688 ] } },
{ "type": "Feature", "properties": { "id": 73, "kode_provinsi": 32, "nama_provinsi": "JAWA BARAT", "kode_kabupaten_kota": 3205, "nama_kabupaten_kota": "KABUPATEN GARUT", "nama_rs": "RSUD PAMEUNGPEUK", "alamat": "JL. MIRAMAREU NO.99, SIRNABAKTI, PAMEUNGPEUK, KABUPATEN GARUT, JAWA BARAT 44175", "desa_kelurahan": "SIRNABAKTI", "kecamatan": "PAMEUNGPEUK", "telp_ppk": "0262-2816017", "latitude": -7.22540946, "longitude": 107.911241, "tahun": 2020, "Cluster": 0 }, "geometry": { "type": "Point", "coordinates": [ 107.911241, -7.22540946 ] } },
{ "type": "Feature", "properties": { "id": 74, "kode_provinsi": 32, "nama_provinsi": "JAWA BARAT", "kode_kabupaten_kota": 3205, "nama_kabupaten_kota": "KABUPATEN GARUT", "nama_rs": "RSUD DR SLAMET GARUT", "alamat": "JL. RSU DR. SLAMET NO.12, SUKAKARYA, KEC. TAROGONG KIDUL, KABUPATEN GARUT, JAWA BARAT 44151", "desa_kelurahan": "SUKAKARYA", "kecamatan": "TAROGONG KIDUL", "telp_ppk": "0262-232720", "latitude": -7.213105, "longitude": 107.920109, "tahun": 2020, "Cluster": 0 }, "geometry": { "type": "Point", "coordinates": [ 107.920109, -7.213105 ] } },
{ "type": "Feature", "properties": { "id": 75, "kode_provinsi": 32, "nama_provinsi": "JAWA BARAT", "kode_kabupaten_kota": 3212, "nama_kabupaten_kota": "KABUPATEN INDRAMAYU", "nama_rs": "RSUD INDRAMAYU", "alamat": "JL. MURAHNARA NO.7, SINDANG, KABUPATEN INDRAMAYU, JAWA BARAT 45222", "desa_kelurahan": "SINDANG", "kecamatan": "INDRAMAYU", "telp_ppk": "0234-023427265", "latitude": -6.33021, "longitude": 108.32, "tahun": 2020, "Cluster": 3 }, "geometry": { "type": "Point", "coordinates": [ 108.32, -6.33021 ] } },
{ "type": "Feature", "properties": { "id": 76, "kode_provinsi": 32, "nama_provinsi": "JAWA BARAT", "kode_kabupaten_kota": 3212, "nama_kabupaten_kota": "KABUPATEN INDRAMAYU", "nama_rs": "RSUD PANTURA MA SENTOT PATROL", "alamat": "JL. RAYA PATROL NO.KM.46, PATROL LOR, KEC. PATROL, KABUPATEN INDRAMAYU, JAWA BARAT 45257", "desa_kelurahan": "PATROL LOR", "kecamatan": "PATROL", "telp_ppk": "0234-612715", "latitude": -6.31432086, "longitude": 107.998717, "tahun": 2020, "Cluster": 0 }, "geometry": { "type": "Point", "coordinates": [ 107.998717, -6.31432086 ] } },
{ "type": "Feature", "properties": { "id": 77, "kode_provinsi": 32, "nama_provinsi": "JAWA BARAT", "kode_kabupaten_kota": 3215, "nama_kabupaten_kota": "KABUPATEN KARAWANG", "nama_rs": "RSUD KARAWANG", "alamat": "JL. GALUH MAS RAYA NO.1, SUKAHARJA, KEC. TELUKJAMBE TIM., KABUPATEN KARAWANG, JAWA BARAT 41361", "desa_kelurahan": "SUKAHARJA", "kecamatan": "TELUKJAMBE TIMUR", "telp_ppk": "0267-640444", "latitude": -6.320752, "longitude": 107.293131, "tahun": 2020, "Cluster": 4 }, "geometry": { "type": "Point", "coordinates": [ 107.293131, -6.320752 ] } },
{ "type": "Feature", "properties": { "id": 78, "kode_provinsi": 32, "nama_provinsi": "JAWA BARAT", "kode_kabupaten_kota": 3208, "nama_kabupaten_kota": "KABUPATEN KUNINGAN", "nama_rs": "RSUD LINGGARJATI", "alamat": "JL. RAYA BANDORASA WETAN NO.36", "desa_kelurahan": "BANDORASA WETAN", "kecamatan": "CILIMUS", "telp_ppk": "0232-614885", "latitude": -6.885481, "longitude": 108.493841, "tahun": 2020, "Cluster": 3 }, "geometry": { "type": "Point", "coordinates": [ 108.493841, -6.885481 ] } },
{ "type": "Feature", "properties": { "id": 79, "kode_provinsi": 32, "nama_provinsi": "JAWA BARAT", "kode_kabupaten_kota": 3208, "nama_kabupaten_kota": "KABUPATEN KUNINGAN", "nama_rs": "RSUD 45 KUNINGAN", "alamat": "JL .JEND SUDIRMAN NO. 68", "desa_kelurahan": "KUNINGAN", "kecamatan": "KUNINGAN", "telp_ppk": "0232-023287188", "latitude": -6.984283, "longitude": 108.481617, "tahun": 2020, "Cluster": 3 }, "geometry": { "type": "Point", "coordinates": [ 108.481617, -6.984283 ] } },
{ "type": "Feature", "properties": { "id": 80, "kode_provinsi": 32, "nama_provinsi": "JAWA BARAT", "kode_kabupaten_kota": 3210, "nama_kabupaten_kota": "KABUPATEN MAJALENGKA", "nama_rs": "RSUD CIDERES", "alamat": "JL. RAYA CIDERES - KADIPATEN NO 180", "desa_kelurahan": "BOJONGCIDERES", "kecamatan": "DAWUAN", "telp_ppk": "0233-023366100", "latitude": -6.760698, "longitude": 108.195011, "tahun": 2020, "Cluster": 3 }, "geometry": { "type": "Point", "coordinates": [ 108.195011, -6.760698 ] } },
{ "type": "Feature", "properties": { "id": 81, "kode_provinsi": 32, "nama_provinsi": "JAWA BARAT", "kode_kabupaten_kota": 3210, "nama_kabupaten_kota": "KABUPATEN MAJALENGKA", "nama_rs": "RSUD KABUPATEN MAJALENGKA", "alamat": "JL. KESEHATAN NO. 77 MAJALENGKA", "desa_kelurahan": "MAJALENGKA WETAN", "kecamatan": "MAJALENGKA", "telp_ppk": "0233-281189", "latitude": -6.833815, "longitude": 108.233428, "tahun": 2020, "Cluster": 3 }, "geometry": { "type": "Point", "coordinates": [ 108.233428, -6.833815 ] } },
{ "type": "Feature", "properties": { "id": 82, "kode_provinsi": 32, "nama_provinsi": "JAWA BARAT", "kode_kabupaten_kota": 3218, "nama_kabupaten_kota": "KABUPATEN PANGANDARAN", "nama_rs": "RSUD KABUPATEN PANGANDARAN", "alamat": "JL. PANANJUNG NO.412", "desa_kelurahan": "PANANJUNG", "kecamatan": "PANGANDARAN", "telp_ppk": "0", "latitude": -7.681342, "longitude": 108.647689, "tahun": 2020, "Cluster": 3 }, "geometry": { "type": "Point", "coordinates": [ 108.647689, -7.681342 ] } },
{ "type": "Feature", "properties": { "id": 83, "kode_provinsi": 32, "nama_provinsi": "JAWA BARAT", "kode_kabupaten_kota": 3214, "nama_kabupaten_kota": "KABUPATEN PURWAKARTA", "nama_rs": "RSUD BAYU ASIH", "alamat": "JL. VETERAN NO. 39", "desa_kelurahan": "NAGRI KALER", "kecamatan": " PURWAKARTA", "telp_ppk": "0264-200100", "latitude": -6.5381349, "longitude": 107.443049, "tahun": 2020, "Cluster": 0 }, "geometry": { "type": "Point", "coordinates": [ 107.443049, -6.5381349 ] } },
{ "type": "Feature", "properties": { "id": 84, "kode_provinsi": 32, "nama_provinsi": "JAWA BARAT", "kode_kabupaten_kota": 3213, "nama_kabupaten_kota": "KABUPATEN SUBANG", "nama_rs": "RSUD KAB SUBANG", "alamat": "JL. BRIGJEN KATAMSO NO.37", "desa_kelurahan": " DANGDEUR", "kecamatan": "SUBANG", "telp_ppk": "0260-417442", "latitude": -6.558127, "longitude": 107.747054, "tahun": 2020, "Cluster": 0 }, "geometry": { "type": "Point", "coordinates": [ 107.747054, -6.558127 ] } },
{ "type": "Feature", "properties": { "id": 85, "kode_provinsi": 32, "nama_provinsi": "JAWA BARAT", "kode_kabupaten_kota": 3202, "nama_kabupaten_kota": "KABUPATEN SUKABUMI", "nama_rs": "RSUD SEKARWANGI", "alamat": "JL. SILIWANGI 49 CIBADAK", "desa_kelurahan": "CIBADAK", "kecamatan": "CIBADAK", "telp_ppk": "0266-531261", "latitude": -6.89662, "longitude": 106.793175, "tahun": 2020, "Cluster": 5 }, "geometry": { "type": "Point", "coordinates": [ 106.793175, -6.89662 ] } },
{ "type": "Feature", "properties": { "id": 86, "kode_provinsi": 32, "nama_provinsi": "JAWA BARAT", "kode_kabupaten_kota": 3202, "nama_kabupaten_kota": "KABUPATEN SUKABUMI", "nama_rs": "RSUD JAMPANG KULON", "alamat": "JL. CIBARUSAH NO. 1", "desa_kelurahan": " TANJUNG", "kecamatan": "JAMPANG KULON", "telp_ppk": "0266-490009", "latitude": -7.252668, "longitude": 106.625497, "tahun": 2020, "Cluster": 6 }, "geometry": { "type": "Point", "coordinates": [ 106.625497, -7.252668 ] } },
{ "type": "Feature", "properties": { "id": 87, "kode_provinsi": 32, "nama_provinsi": "JAWA BARAT", "kode_kabupaten_kota": 3202, "nama_kabupaten_kota": "KABUPATEN SUKABUMI", "nama_rs": "RSUD PALABUHANRATU", "alamat": "JL. AHMAD YANI NO.2", "desa_kelurahan": "CITEPUS", "kecamatan": "PALABUHANRATU", "telp_ppk": "0266-432081", "latitude": -6.98904, "longitude": 106.557929, "tahun": 2020, "Cluster": 6 }, "geometry": { "type": "Point", "coordinates": [ 106.557929, -6.98904 ] } },
{ "type": "Feature", "properties": { "id": 88, "kode_provinsi": 32, "nama_provinsi": "JAWA BARAT", "kode_kabupaten_kota": 3211, "nama_kabupaten_kota": "KABUPATEN SUMEDANG", "nama_rs": "RSUD SUMEDANG", "alamat": "JL. PALASARI NO. 80", "desa_kelurahan": "KOTAKULON", "kecamatan": "SUMEDANG SELATAN", "telp_ppk": "0261-201021", "latitude": -6.857049, "longitude": 107.920718, "tahun": 2020, "Cluster": 0 }, "geometry": { "type": "Point", "coordinates": [ 107.920718, -6.857049 ] } },
{ "type": "Feature", "properties": { "id": 89, "kode_provinsi": 32, "nama_provinsi": "JAWA BARAT", "kode_kabupaten_kota": 3206, "nama_kabupaten_kota": "KABUPATEN TASIKMALAYA", "nama_rs": "RSUD SINGAPARNA MEDIKA CITRAUTAMA (SMC)", "alamat": "JL. RAYA RANCAMAYA", "desa_kelurahan": "CIKUNTEN", "kecamatan": "SINGAPARNA", "telp_ppk": "0812-157-5782", "latitude": -7.358758, "longitude": 108.106736, "tahun": 2020, "Cluster": 3 }, "geometry": { "type": "Point", "coordinates": [ 108.106736, -7.358758 ] } },
{ "type": "Feature", "properties": { "id": 90, "kode_provinsi": 32, "nama_provinsi": "JAWA BARAT", "kode_kabupaten_kota": 3273, "nama_kabupaten_kota": "KOTA BANDUNG", "nama_rs": "RSU PUSAT DR. HASAN SADIKIN", "alamat": "JL. PASTEUR NO. 38", "desa_kelurahan": "PASTEUR", "kecamatan": "SUKAJADI", "telp_ppk": "022-2034954", "latitude": -6.90017, "longitude": 107.600984, "tahun": 2020, "Cluster": 0 }, "geometry": { "type": "Point", "coordinates": [ 107.600984, -6.90017 ] } },
{ "type": "Feature", "properties": { "id": 91, "kode_provinsi": 32, "nama_provinsi": "JAWA BARAT", "kode_kabupaten_kota": 3273, "nama_kabupaten_kota": "KOTA BANDUNG", "nama_rs": "RSUD KOTA BANDUNG", "alamat": "JL. RUMAH SAKIT NO. 22 UJUNG BERUNG", "desa_kelurahan": "PAKEMITAN", "kecamatan": "CINAMBO", "telp_ppk": "022-7811794", "latitude": -6.91541, "longitude": 107.69934, "tahun": 2020, "Cluster": 0 }, "geometry": { "type": "Point", "coordinates": [ 107.69934, -6.91541 ] } },
{ "type": "Feature", "properties": { "id": 92, "kode_provinsi": 32, "nama_provinsi": "JAWA BARAT", "kode_kabupaten_kota": 3279, "nama_kabupaten_kota": "KOTA BANJAR", "nama_rs": "RSUD KOTA BANJAR", "alamat": "JL. RUMAH SAKIT UMUM NO. 5", "desa_kelurahan": "HEGARSARI", "kecamatan": "PATARUMAN", "telp_ppk": "0265-332314", "latitude": -7.368493, "longitude": 108.543096, "tahun": 2020, "Cluster": 3 }, "geometry": { "type": "Point", "coordinates": [ 108.543096, -7.368493 ] } },
{ "type": "Feature", "properties": { "id": 93, "kode_provinsi": 32, "nama_provinsi": "JAWA BARAT", "kode_kabupaten_kota": 3275, "nama_kabupaten_kota": "KOTA BEKASI", "nama_rs": "RSUD KOTA BEKASI", "alamat": "JL. PRAMUKA NO. 55", "desa_kelurahan": "MARGA JAYA", "kecamatan": "BEKASI SELATAN", "telp_ppk": "021-8841005", "latitude": -6.270428, "longitude": 107.004955, "tahun": 2020, "Cluster": 1 }, "geometry": { "type": "Point", "coordinates": [ 107.004955, -6.270428 ] } },
{ "type": "Feature", "properties": { "id": 94, "kode_provinsi": 32, "nama_provinsi": "JAWA BARAT", "kode_kabupaten_kota": 3271, "nama_kabupaten_kota": "KOTA BOGOR", "nama_rs": "RSUD KOTA BOGOR", "alamat": "JL. DOKTOR SUMERU NO 120 BOGOR", "desa_kelurahan": "MENTENG", "kecamatan": "BOGOR BARAT", "telp_ppk": "0251-8312292", "latitude": -6.58041, "longitude": 106.778, "tahun": 2020, "Cluster": 5 }, "geometry": { "type": "Point", "coordinates": [ 106.778, -6.58041 ] } },
{ "type": "Feature", "properties": { "id": 95, "kode_provinsi": 32, "nama_provinsi": "JAWA BARAT", "kode_kabupaten_kota": 3277, "nama_kabupaten_kota": "KOTA CIMAHI", "nama_rs": "RSUD CIBABAT", "alamat": "JL. RAYA CIBABAT NO 140 CIMAHI", "desa_kelurahan": "CIBABAT", "kecamatan": "CIMAHI UTARA", "telp_ppk": "022-6652025", "latitude": -6.87924083, "longitude": 107.550775, "tahun": 2020, "Cluster": 0 }, "geometry": { "type": "Point", "coordinates": [ 107.550775, -6.87924083 ] } },
{ "type": "Feature", "properties": { "id": 96, "kode_provinsi": 32, "nama_provinsi": "JAWA BARAT", "kode_kabupaten_kota": 3274, "nama_kabupaten_kota": "KOTA CIREBON", "nama_rs": "RSUD GUNUNG JATI", "alamat": "JL. KESAMBI NO 56", "desa_kelurahan": "DRAJAT", "kecamatan": "KESAMBI", "telp_ppk": "0231-20633", "latitude": -6.73077263, "longitude": 108.555372, "tahun": 2020, "Cluster": 3 }, "geometry": { "type": "Point", "coordinates": [ 108.555372, -6.73077263 ] } },
{ "type": "Feature", "properties": { "id": 97, "kode_provinsi": 32, "nama_provinsi": "JAWA BARAT", "kode_kabupaten_kota": 3276, "nama_kabupaten_kota": "KOTA DEPOK", "nama_rs": "RSUD KOTA DEPOK", "alamat": "JL. RAYA MUCHTAR NO.99, SAWANGAN LAMA, KEC. SAWANGAN, KOTA DEPOK, JAWA BARAT 16511", "desa_kelurahan": "SAWANGAN LAMA", "kecamatan": "SAWANGAN", "telp_ppk": "0251-8602514", "latitude": -6.395751, "longitude": 106.759009, "tahun": 2020, "Cluster": 5 }, "geometry": { "type": "Point", "coordinates": [ 106.759009, -6.395751 ] } },
{ "type": "Feature", "properties": { "id": 98, "kode_provinsi": 32, "nama_provinsi": "JAWA BARAT", "kode_kabupaten_kota": 3272, "nama_kabupaten_kota": "KOTA SUKABUMI", "nama_rs": "RSUD R. SAMSUDIN SH", "alamat": "JL. RUMAH SAKIT NO.1", "desa_kelurahan": "CIKOLE", "kecamatan": "CIKOLE", "telp_ppk": "0266-225180", "latitude": -6.914882, "longitude": 106.934792, "tahun": 2020, "Cluster": 1 }, "geometry": { "type": "Point", "coordinates": [ 106.934792, -6.914882 ] } },
{ "type": "Feature", "properties": { "id": 99, "kode_provinsi": 32, "nama_provinsi": "JAWA BARAT", "kode_kabupaten_kota": 3272, "nama_kabupaten_kota": "KOTA SUKABUMI", "nama_rs": "RSUD AL MULK", "alamat": "JL. PELABUHAN II KM 6", "desa_kelurahan": "LEMBURSITU", "kecamatan": "LEMBURSITU", "telp_ppk": "0266-6243088", "latitude": -6.958535, "longitude": 106.897496, "tahun": 2020, "Cluster": 1 }, "geometry": { "type": "Point", "coordinates": [ 106.897496, -6.958535 ] } },
{ "type": "Feature", "properties": { "id": 100, "kode_provinsi": 32, "nama_provinsi": "JAWA BARAT", "kode_kabupaten_kota": 3278, "nama_kabupaten_kota": "KOTA TASIKMALAYA", "nama_rs": "RSUD DR. SOEKARDJO", "alamat": "JL. RUMAH SAKIT NO.33", "desa_kelurahan": "EMPANGSARI", "kecamatan": "TAWANG", "telp_ppk": "0265-331680", "latitude": -7.33234718, "longitude": 108.22529, "tahun": 2020, "Cluster": 3 }, "geometry": { "type": "Point", "coordinates": [ 108.22529, -7.33234718 ] } },
{ "type": "Feature", "properties": { "id": 101, "kode_provinsi": 32, "nama_provinsi": "JAWA BARAT", "kode_kabupaten_kota": 3204, "nama_kabupaten_kota": "KABUPATEN BANDUNG", "nama_rs": "RSUD CICALENGKA", "alamat": "JL. H. DARHAM CIKOPO NO.35, TENJOLAYA, KEC. CICALENGKA, BANDUNG, JAWA BARAT 40395", "desa_kelurahan": "TENJOLAYA", "kecamatan": "CICALENGKA", "telp_ppk": "022-7952202", "latitude": -6.98233728, "longitude": 107.842052, "tahun": 2021, "Cluster": 0 }, "geometry": { "type": "Point", "coordinates": [ 107.842052, -6.98233728 ] } },
{ "type": "Feature", "properties": { "id": 102, "kode_provinsi": 32, "nama_provinsi": "JAWA BARAT", "kode_kabupaten_kota": 3204, "nama_kabupaten_kota": "KABUPATEN BANDUNG", "nama_rs": "RSUD AL IHSAN", "alamat": "JL. KI ASTRAMANGGALA, BALEENDAH, KEC. BALEENDAH, BANDUNG, JAWA BARAT 40381, INDONESIA", "desa_kelurahan": "BALEENDAH", "kecamatan": "BALEENDAH", "telp_ppk": "022-5940872", "latitude": -7.00770719, "longitude": 107.624064, "tahun": 2021, "Cluster": 0 }, "geometry": { "type": "Point", "coordinates": [ 107.624064, -7.00770719 ] } },
{ "type": "Feature", "properties": { "id": 103, "kode_provinsi": 32, "nama_provinsi": "JAWA BARAT", "kode_kabupaten_kota": 3204, "nama_kabupaten_kota": "KABUPATEN BANDUNG", "nama_rs": "RSUD MAJALAYA", "alamat": "JL. CIPAKU NO.87, CIPAKU, KEC. PASEH, BANDUNG, JAWA BARAT 40383, INDONESIA", "desa_kelurahan": "CIPAKU", "kecamatan": "PASEH", "telp_ppk": "022-5950035", "latitude": -7.04929, "longitude": 107.772, "tahun": 2021, "Cluster": 0 }, "geometry": { "type": "Point", "coordinates": [ 107.772, -7.04929 ] } },
{ "type": "Feature", "properties": { "id": 104, "kode_provinsi": 32, "nama_provinsi": "JAWA BARAT", "kode_kabupaten_kota": 3204, "nama_kabupaten_kota": "KABUPATEN BANDUNG", "nama_rs": "RSUD SOREANG", "alamat": "JL. ALUN-ALUN UTARA NO.1, PAMEKARAN, KEC. SOREANG, BANDUNG, JAWA BARAT 40912, INDONESIA", "desa_kelurahan": "PAMEKARAN", "kecamatan": "SOREANG", "telp_ppk": "022-5891355", "latitude": -7.03, "longitude": 108.0, "tahun": 2021, "Cluster": 0 }, "geometry": { "type": "Point", "coordinates": [ 108.0, -7.03 ] } },
{ "type": "Feature", "properties": { "id": 105, "kode_provinsi": 32, "nama_provinsi": "JAWA BARAT", "kode_kabupaten_kota": 3204, "nama_kabupaten_kota": "KABUPATEN BANDUNG", "nama_rs": "RSUD KESEHATAN KERJA", "alamat": "JL. RANCAEKEK NO.KM.27, RW.NO.612, NANJUNGMEKAR, KEC. RANCAEKEK, KABUPATEN BANDUNG, JAWA BARAT 40394", "desa_kelurahan": "NANJUNGMEKAR", "kecamatan": "RANCAEKEK", "telp_ppk": "022-7798778", "latitude": -6.967451, "longitude": 107.826241, "tahun": 2021, "Cluster": 0 }, "geometry": { "type": "Point", "coordinates": [ 107.826241, -6.967451 ] } },
{ "type": "Feature", "properties": { "id": 106, "kode_provinsi": 32, "nama_provinsi": "JAWA BARAT", "kode_kabupaten_kota": 3217, "nama_kabupaten_kota": "KABUPATEN BANDUNG BARAT", "nama_rs": "RSUD CIKALONG WETAN", "alamat": "JL. CIKALONG NO.290, CIPTAGUMATI, KEC. CIKALONG WETAN, KABUPATEN BANDUNG BARAT, JAWA BARAT 40556, INDONESIA", "desa_kelurahan": "CIPTAMUGATI", "kecamatan": "CIKALONG WETAN", "telp_ppk": "022-86866016", "latitude": -6.74374444, "longitude": 107.444976, "tahun": 2021, "Cluster": 0 }, "geometry": { "type": "Point", "coordinates": [ 107.444976, -6.74374444 ] } },
{ "type": "Feature", "properties": { "id": 107, "kode_provinsi": 32, "nama_provinsi": "JAWA BARAT", "kode_kabupaten_kota": 3217, "nama_kabupaten_kota": "KABUPATEN BANDUNG BARAT", "nama_rs": "RSUD LEMBANG", "alamat": "JL. RAYA LEMBANG KM 11,4 NO. 11, GUDANGKAHURIPAN, LEMBANG, GUDANGKAHURIPAN, LEMBANG, KABUPATEN BANDUNG BARAT, JAWA BARAT 40391, INDONESIA", "desa_kelurahan": "GUDANGKAAHURIPAN", "kecamatan": "LEMBANG", "telp_ppk": "022-2786879", "latitude": -6.83820952, "longitude": 107.598325, "tahun": 2021, "Cluster": 0 }, "geometry": { "type": "Point", "coordinates": [ 107.598325, -6.83820952 ] } },
{ "type": "Feature", "properties": { "id": 108, "kode_provinsi": 32, "nama_provinsi": "JAWA BARAT", "kode_kabupaten_kota": 3217, "nama_kabupaten_kota": "KABUPATEN BANDUNG BARAT", "nama_rs": "RSJ PROVINSI JAWA BARAT", "alamat": "JL. KOLONEL MASTURI NO.KM.7, JAMBUDIPA, KEC. CISARUA, KABUPATEN BANDUNG BARAT, JAWA BARAT, INDONESIA", "desa_kelurahan": "JAMBUDIPA", "kecamatan": "CISARUA", "telp_ppk": "022-2700260", "latitude": -6.80901504, "longitude": 107.563111, "tahun": 2021, "Cluster": 0 }, "geometry": { "type": "Point", "coordinates": [ 107.563111, -6.80901504 ] } },
{ "type": "Feature", "properties": { "id": 109, "kode_provinsi": 32, "nama_provinsi": "JAWA BARAT", "kode_kabupaten_kota": 3217, "nama_kabupaten_kota": "KABUPATEN BANDUNG BARAT", "nama_rs": "RSUD CILILIN", "alamat": "JL. CINTAKARYA, CILILIN, KABUPATEN BANDUNG BARAT, JAWA BARAT 40562, INDONESIA", "desa_kelurahan": "CINTAKARYA", "kecamatan": "CILILIN", "telp_ppk": "022-6941600", "latitude": -6.94353815, "longitude": 107.459616, "tahun": 2021, "Cluster": 0 }, "geometry": { "type": "Point", "coordinates": [ 107.459616, -6.94353815 ] } },
{ "type": "Feature", "properties": { "id": 110, "kode_provinsi": 32, "nama_provinsi": "JAWA BARAT", "kode_kabupaten_kota": 3216, "nama_kabupaten_kota": "KABUPATEN BEKASI", "nama_rs": "RSUD KABUPATEN BEKASI", "alamat": "JL. RAYA TEUKU UMAR NO.202, WANASARI, KEC. CIBITUNG, BEKASI, JAWA BARAT 17520, INDONESIA", "desa_kelurahan": "WANASARI", "kecamatan": "CIBITUNG", "telp_ppk": "021-88374444", "latitude": -6.27, "longitude": 107.0, "tahun": 2021, "Cluster": 1 }, "geometry": { "type": "Point", "coordinates": [ 107.0, -6.27 ] } },
{ "type": "Feature", "properties": { "id": 111, "kode_provinsi": 32, "nama_provinsi": "JAWA BARAT", "kode_kabupaten_kota": 3216, "nama_kabupaten_kota": "KABUPATEN BEKASI", "nama_rs": "RSUD CABANGBUNGIN", "alamat": "DESA JAYALAKSANA KECAMATAN CABANG BUNGIN KABUPATEN BEKASI", "desa_kelurahan": "JAYALAKSANA", "kecamatan": "CABANGBUNGIN", "telp_ppk": "0857-1767-8889", "latitude": -6.1, "longitude": 107.0, "tahun": 2021, "Cluster": 1 }, "geometry": { "type": "Point", "coordinates": [ 107.0, -6.1 ] } },
{ "type": "Feature", "properties": { "id": 112, "kode_provinsi": 32, "nama_provinsi": "JAWA BARAT", "kode_kabupaten_kota": 3201, "nama_kabupaten_kota": "KABUPATEN BOGOR", "nama_rs": "RSUD LEUWILIANG", "alamat": "JL. RAYA CIBEBER - LEUWILIANG BOGOR", "desa_kelurahan": "CIBEBER", "kecamatan": "LEUWILIANG", "telp_ppk": "0251-8643290", "latitude": -6.57, "longitude": 107.0, "tahun": 2021, "Cluster": 1 }, "geometry": { "type": "Point", "coordinates": [ 107.0, -6.57 ] } },
{ "type": "Feature", "properties": { "id": 113, "kode_provinsi": 32, "nama_provinsi": "JAWA BARAT", "kode_kabupaten_kota": 3201, "nama_kabupaten_kota": "KABUPATEN BOGOR", "nama_rs": "RSUD CIBINONG", "alamat": "JL. KSR DADI KUSMAYADI NO. 27 CIBINONG BOGOR", "desa_kelurahan": "TENGAH", "kecamatan": "CIBINONG", "telp_ppk": "021-8753487", "latitude": -6.47, "longitude": 107.0, "tahun": 2021, "Cluster": 1 }, "geometry": { "type": "Point", "coordinates": [ 107.0, -6.47 ] } },
{ "type": "Feature", "properties": { "id": 114, "kode_provinsi": 32, "nama_provinsi": "JAWA BARAT", "kode_kabupaten_kota": 3201, "nama_kabupaten_kota": "KABUPATEN BOGOR", "nama_rs": "RSUD CIAWI", "alamat": "JL. RAYA PUNCAK 479 CIAWI BOGOR", "desa_kelurahan": "BENDUNGAN", "kecamatan": "CIAWI", "telp_ppk": "0518-240736", "latitude": -6.66, "longitude": 107.0, "tahun": 2021, "Cluster": 1 }, "geometry": { "type": "Point", "coordinates": [ 107.0, -6.66 ] } },
{ "type": "Feature", "properties": { "id": 115, "kode_provinsi": 32, "nama_provinsi": "JAWA BARAT", "kode_kabupaten_kota": 3201, "nama_kabupaten_kota": "KABUPATEN BOGOR", "nama_rs": "RS UMUM DR MUHAMAD HASSAN TOTO", "alamat": "JL. SARDJIO NO. 1, SEMPLAK KEC. KEMANG", "desa_kelurahan": "ATANG SENJAYA", "kecamatan": "KEMANG", "telp_ppk": "0251-7535976", "latitude": -6.5, "longitude": 107.0, "tahun": 2021, "Cluster": 1 }, "geometry": { "type": "Point", "coordinates": [ 107.0, -6.5 ] } },
{ "type": "Feature", "properties": { "id": 116, "kode_provinsi": 32, "nama_provinsi": "JAWA BARAT", "kode_kabupaten_kota": 3201, "nama_kabupaten_kota": "KABUPATEN BOGOR", "nama_rs": "RSUD CILEUNGSI", "alamat": "JL. RAYA CILEUNGSI-JONGGOL KM.10 CILEUNGSI KABUPATEN BOGOR", "desa_kelurahan": "CIPEUCANG", "kecamatan": "CILEUNGSI", "telp_ppk": "021-89934667", "latitude": -6.43, "longitude": 107.0, "tahun": 2021, "Cluster": 1 }, "geometry": { "type": "Point", "coordinates": [ 107.0, -6.43 ] } },
{ "type": "Feature", "properties": { "id": 117, "kode_provinsi": 32, "nama_provinsi": "JAWA BARAT", "kode_kabupaten_kota": 3207, "nama_kabupaten_kota": "KABUPATEN CIAMIS", "nama_rs": "RSUD CIAMIS", "alamat": "JL. RUMAH SAKIT NO.76, CIAMIS,", "desa_kelurahan": "CIAMIS", "kecamatan": "CIAMIS", "telp_ppk": "0265-771018", "latitude": -7.34, "longitude": 108.0, "tahun": 2021, "Cluster": 0 }, "geometry": { "type": "Point", "coordinates": [ 108.0, -7.34 ] } },
{ "type": "Feature", "properties": { "id": 118, "kode_provinsi": 32, "nama_provinsi": "JAWA BARAT", "kode_kabupaten_kota": 3207, "nama_kabupaten_kota": "KABUPATEN CIAMIS", "nama_rs": "RSUD KAWALI", "alamat": "Jl. Raya Kawali-Cirebon No.37, Winduraja, Kec. Kawali, Kabupaten Ciamis, Jawa Barat 46253", "desa_kelurahan": "WINDURAJA", "kecamatan": "KAWALI", "telp_ppk": "0265-7511923", "latitude": -7.1720345, "longitude": 108.368269, "tahun": 2021, "Cluster": 3 }, "geometry": { "type": "Point", "coordinates": [ 108.368269, -7.1720345 ] } },
{ "type": "Feature", "properties": { "id": 119, "kode_provinsi": 32, "nama_provinsi": "JAWA BARAT", "kode_kabupaten_kota": 3203, "nama_kabupaten_kota": "KABUPATEN CIANJUR", "nama_rs": "RSUD CIMACAN", "alamat": "JL. RAYA CIMACAN NO.17A, PALASARI, KEC. CIPANAS, KABUPATEN CIANJUR, JAWA BARAT 43253", "desa_kelurahan": "PALASARI", "kecamatan": "CIPANAS", "telp_ppk": "0263-512465", "latitude": -6.72033255, "longitude": 107.032537, "tahun": 2021, "Cluster": 1 }, "geometry": { "type": "Point", "coordinates": [ 107.032537, -6.72033255 ] } },
{ "type": "Feature", "properties": { "id": 120, "kode_provinsi": 32, "nama_provinsi": "JAWA BARAT", "kode_kabupaten_kota": 3203, "nama_kabupaten_kota": "KABUPATEN CIANJUR", "nama_rs": "RSUD SAYANG KAB CIANJUR", "alamat": "JL. RUMAH SAKIT NO.1, BOJONGHERANG, KEC. CIANJUR, KABUPATEN CIANJUR, JAWA BARAT 43216", "desa_kelurahan": "BOJONGHERANG", "kecamatan": "CIANJUR", "telp_ppk": "0263-261026", "latitude": -6.810525, "longitude": 107.141066, "tahun": 2021, "Cluster": 2 }, "geometry": { "type": "Point", "coordinates": [ 107.141066, -6.810525 ] } },
{ "type": "Feature", "properties": { "id": 121, "kode_provinsi": 32, "nama_provinsi": "JAWA BARAT", "kode_kabupaten_kota": 3203, "nama_kabupaten_kota": "KABUPATEN CIANJUR", "nama_rs": "RSUD PAGELARAN", "alamat": "JL. RAYA PAGELARAN NO 18 DESA PAGELARAN KEC. PAGELARAN KABUPATEN CIANJUR 43266", "desa_kelurahan": "DESA PAGELARAN", "kecamatan": "PAGELARAN", "telp_ppk": "0263--2361093", "latitude": -7.21435837, "longitude": 107.139431, "tahun": 2021, "Cluster": 2 }, "geometry": { "type": "Point", "coordinates": [ 107.139431, -7.21435837 ] } },
{ "type": "Feature", "properties": { "id": 122, "kode_provinsi": 32, "nama_provinsi": "JAWA BARAT", "kode_kabupaten_kota": 3209, "nama_kabupaten_kota": "KABUPATEN CIREBON", "nama_rs": "RSUD WALED", "alamat": "JL. PRABU KIANSANTANG NO.4, WALED KOTA, WALED, CIREBON, JAWA BARAT 45187", "desa_kelurahan": "WALED KOTA", "kecamatan": "WALED", "telp_ppk": "0231-661126", "latitude": -6.91304, "longitude": 108.719, "tahun": 2021, "Cluster": 3 }, "geometry": { "type": "Point", "coordinates": [ 108.719, -6.91304 ] } },
{ "type": "Feature", "properties": { "id": 123, "kode_provinsi": 32, "nama_provinsi": "JAWA BARAT", "kode_kabupaten_kota": 3209, "nama_kabupaten_kota": "KABUPATEN CIREBON", "nama_rs": "RS PARU PROVINSI JAWA BARAT", "alamat": "JL. PANGERAN KEJAKSAN PO.BOX 4 DESA SIDAWANGI, KECAMATAN SUMBER KABUPATEN CIREBON", "desa_kelurahan": "SIDAWANGI", "kecamatan": "SUMBER", "telp_ppk": "0231--8330707", "latitude": -6.797155, "longitude": 108.475501, "tahun": 2021, "Cluster": 3 }, "geometry": { "type": "Point", "coordinates": [ 108.475501, -6.797155 ] } },
{ "type": "Feature", "properties": { "id": 124, "kode_provinsi": 32, "nama_provinsi": "JAWA BARAT", "kode_kabupaten_kota": 3209, "nama_kabupaten_kota": "KABUPATEN CIREBON", "nama_rs": "RSUD RJAWINANGUN", "alamat": "JL. BY PASS PALIMANAN JAKARTA KM. 2 NO. 1, KEBONTURI, KEC. ARJAWINANGUN, KABUPATEN CIREBON, JAWA BARAT 45162", "desa_kelurahan": "KEBONTURI", "kecamatan": "ARJAWINANGUN", "telp_ppk": "0231-358335", "latitude": -6.6565688, "longitude": 108.412696, "tahun": 2021, "Cluster": 3 }, "geometry": { "type": "Point", "coordinates": [ 108.412696, -6.6565688 ] } },
{ "type": "Feature", "properties": { "id": 125, "kode_provinsi": 32, "nama_provinsi": "JAWA BARAT", "kode_kabupaten_kota": 3205, "nama_kabupaten_kota": "KABUPATEN GARUT", "nama_rs": "RSUD PAMEUNGPEUK", "alamat": "JL. MIRAMAREU NO.99, SIRNABAKTI, PAMEUNGPEUK, KABUPATEN GARUT, JAWA BARAT 44175", "desa_kelurahan": "SIRNABAKTI", "kecamatan": "PAMEUNGPEUK", "telp_ppk": "0262-2816017", "latitude": -7.22540946, "longitude": 107.911241, "tahun": 2021, "Cluster": 0 }, "geometry": { "type": "Point", "coordinates": [ 107.911241, -7.22540946 ] } },
{ "type": "Feature", "properties": { "id": 126, "kode_provinsi": 32, "nama_provinsi": "JAWA BARAT", "kode_kabupaten_kota": 3205, "nama_kabupaten_kota": "KABUPATEN GARUT", "nama_rs": "RSUD DR SLAMET GARUT", "alamat": "JL. RSU DR. SLAMET NO.12, SUKAKARYA, KEC. TAROGONG KIDUL, KABUPATEN GARUT, JAWA BARAT 44151", "desa_kelurahan": "SUKAKARYA", "kecamatan": "TAROGONG KIDUL", "telp_ppk": "0262-232720", "latitude": -7.213105, "longitude": 107.920109, "tahun": 2021, "Cluster": 0 }, "geometry": { "type": "Point", "coordinates": [ 107.920109, -7.213105 ] } },
{ "type": "Feature", "properties": { "id": 127, "kode_provinsi": 32, "nama_provinsi": "JAWA BARAT", "kode_kabupaten_kota": 3212, "nama_kabupaten_kota": "KABUPATEN INDRAMAYU", "nama_rs": "RSUD INDRAMAYU", "alamat": "JL. MURAHNARA NO.7, SINDANG, KABUPATEN INDRAMAYU, JAWA BARAT 45222", "desa_kelurahan": "SINDANG", "kecamatan": "INDRAMAYU", "telp_ppk": "0234-023427265", "latitude": -6.33021, "longitude": 108.32, "tahun": 2021, "Cluster": 3 }, "geometry": { "type": "Point", "coordinates": [ 108.32, -6.33021 ] } },
{ "type": "Feature", "properties": { "id": 128, "kode_provinsi": 32, "nama_provinsi": "JAWA BARAT", "kode_kabupaten_kota": 3212, "nama_kabupaten_kota": "KABUPATEN INDRAMAYU", "nama_rs": "RSUD PANTURA MA SENTOT PATROL", "alamat": "JL. RAYA PATROL NO.KM.46, PATROL LOR, KEC. PATROL, KABUPATEN INDRAMAYU, JAWA BARAT 45257", "desa_kelurahan": "PATROL LOR", "kecamatan": "PATROL", "telp_ppk": "0234-612715", "latitude": -6.31432086, "longitude": 107.998717, "tahun": 2021, "Cluster": 0 }, "geometry": { "type": "Point", "coordinates": [ 107.998717, -6.31432086 ] } },
{ "type": "Feature", "properties": { "id": 129, "kode_provinsi": 32, "nama_provinsi": "JAWA BARAT", "kode_kabupaten_kota": 3212, "nama_kabupaten_kota": "KABUPATEN INDRAMAYU", "nama_rs": "RSUD M URSID IBNU SYAFIUDDIN", "alamat": "Krangkeng, Kec. Krangkeng, Kabupaten Indramayu, Jawa Barat 45284", "desa_kelurahan": "KRANGKENG", "kecamatan": "KRANGKENG", "telp_ppk": "0", "latitude": -6.495347, "longitude": 108.474553, "tahun": 2021, "Cluster": 3 }, "geometry": { "type": "Point", "coordinates": [ 108.474553, -6.495347 ] } },
{ "type": "Feature", "properties": { "id": 130, "kode_provinsi": 32, "nama_provinsi": "JAWA BARAT", "kode_kabupaten_kota": 3215, "nama_kabupaten_kota": "KABUPATEN KARAWANG", "nama_rs": "RSUD KARAWANG", "alamat": "JL. GALUH MAS RAYA NO.1, SUKAHARJA, KEC. TELUKJAMBE TIM., KABUPATEN KARAWANG, JAWA BARAT 41361", "desa_kelurahan": "SUKAHARJA", "kecamatan": "TELUKJAMBE TIMUR", "telp_ppk": "0267-640444", "latitude": -6.320752, "longitude": 107.293131, "tahun": 2021, "Cluster": 4 }, "geometry": { "type": "Point", "coordinates": [ 107.293131, -6.320752 ] } },
{ "type": "Feature", "properties": { "id": 131, "kode_provinsi": 32, "nama_provinsi": "JAWA BARAT", "kode_kabupaten_kota": 3208, "nama_kabupaten_kota": "KABUPATEN KUNINGAN", "nama_rs": "RSUD LINGGARJATI", "alamat": "JL. RAYA BANDORASA WETAN NO.36", "desa_kelurahan": "BANDORASA WETAN", "kecamatan": "CILIMUS", "telp_ppk": "0232-614885", "latitude": -6.885481, "longitude": 108.493841, "tahun": 2021, "Cluster": 3 }, "geometry": { "type": "Point", "coordinates": [ 108.493841, -6.885481 ] } },
{ "type": "Feature", "properties": { "id": 132, "kode_provinsi": 32, "nama_provinsi": "JAWA BARAT", "kode_kabupaten_kota": 3208, "nama_kabupaten_kota": "KABUPATEN KUNINGAN", "nama_rs": "RSUD 45 KUNINGAN", "alamat": "JL .JEND SUDIRMAN NO. 68", "desa_kelurahan": "KUNINGAN", "kecamatan": "KUNINGAN", "telp_ppk": "0232-023287188", "latitude": -6.984283, "longitude": 108.481617, "tahun": 2021, "Cluster": 3 }, "geometry": { "type": "Point", "coordinates": [ 108.481617, -6.984283 ] } },
{ "type": "Feature", "properties": { "id": 133, "kode_provinsi": 32, "nama_provinsi": "JAWA BARAT", "kode_kabupaten_kota": 3210, "nama_kabupaten_kota": "KABUPATEN MAJALENGKA", "nama_rs": "RSUD CIDERES", "alamat": "JL. RAYA CIDERES - KADIPATEN NO 180", "desa_kelurahan": "BOJONGCIDERES", "kecamatan": "DAWUAN", "telp_ppk": "0233-023366100", "latitude": -6.760698, "longitude": 108.195011, "tahun": 2021, "Cluster": 3 }, "geometry": { "type": "Point", "coordinates": [ 108.195011, -6.760698 ] } },
{ "type": "Feature", "properties": { "id": 134, "kode_provinsi": 32, "nama_provinsi": "JAWA BARAT", "kode_kabupaten_kota": 3210, "nama_kabupaten_kota": "KABUPATEN MAJALENGKA", "nama_rs": "RSUD KABUPATEN MAJALENGKA", "alamat": "JL. KESEHATAN NO. 77 MAJALENGKA", "desa_kelurahan": "MAJALENGKA WETAN", "kecamatan": "MAJALENGKA", "telp_ppk": "0233-281189", "latitude": -6.833815, "longitude": 108.233428, "tahun": 2021, "Cluster": 3 }, "geometry": { "type": "Point", "coordinates": [ 108.233428, -6.833815 ] } },
{ "type": "Feature", "properties": { "id": 135, "kode_provinsi": 32, "nama_provinsi": "JAWA BARAT", "kode_kabupaten_kota": 3218, "nama_kabupaten_kota": "KABUPATEN PANGANDARAN", "nama_rs": "RSUD KABUPATEN PANGANDARAN", "alamat": "JL. PANANJUNG NO.412", "desa_kelurahan": "PANANJUNG", "kecamatan": "PANGANDARAN", "telp_ppk": "0", "latitude": -7.681342, "longitude": 108.647689, "tahun": 2021, "Cluster": 3 }, "geometry": { "type": "Point", "coordinates": [ 108.647689, -7.681342 ] } },
{ "type": "Feature", "properties": { "id": 136, "kode_provinsi": 32, "nama_provinsi": "JAWA BARAT", "kode_kabupaten_kota": 3214, "nama_kabupaten_kota": "KABUPATEN PURWAKARTA", "nama_rs": "RSUD BAYU ASIH", "alamat": "JL. VETERAN NO. 39", "desa_kelurahan": "NAGRI KALER", "kecamatan": " PURWAKARTA", "telp_ppk": "0264-200100", "latitude": -65381349.0, "longitude": 107.443049, "tahun": 2021, "Cluster": -1 }, "geometry": { "type": "Point", "coordinates": [ 107.443049, -65381349.0 ] } },
{ "type": "Feature", "properties": { "id": 137, "kode_provinsi": 32, "nama_provinsi": "JAWA BARAT", "kode_kabupaten_kota": 3213, "nama_kabupaten_kota": "KABUPATEN SUBANG", "nama_rs": "RSUD KAB SUBANG", "alamat": "JL. BRIGJEN KATAMSO NO.37", "desa_kelurahan": " DANGDEUR", "kecamatan": "SUBANG", "telp_ppk": "0260-417442", "latitude": -6.558127, "longitude": 107.747054, "tahun": 2021, "Cluster": 0 }, "geometry": { "type": "Point", "coordinates": [ 107.747054, -6.558127 ] } },
{ "type": "Feature", "properties": { "id": 138, "kode_provinsi": 32, "nama_provinsi": "JAWA BARAT", "kode_kabupaten_kota": 3202, "nama_kabupaten_kota": "KABUPATEN SUKABUMI", "nama_rs": "RSUD SEKARWANGI", "alamat": "JL. SILIWANGI 49 CIBADAK", "desa_kelurahan": "CIBADAK", "kecamatan": "CIBADAK", "telp_ppk": "0266-531261", "latitude": -6.89662, "longitude": 106.793175, "tahun": 2021, "Cluster": 5 }, "geometry": { "type": "Point", "coordinates": [ 106.793175, -6.89662 ] } },
{ "type": "Feature", "properties": { "id": 139, "kode_provinsi": 32, "nama_provinsi": "JAWA BARAT", "kode_kabupaten_kota": 3202, "nama_kabupaten_kota": "KABUPATEN SUKABUMI", "nama_rs": "RSUD JAMPANG KULON", "alamat": "JL. CIBARUSAH NO. 1", "desa_kelurahan": " TANJUNG", "kecamatan": "JAMPANG KULON", "telp_ppk": "0266-490009", "latitude": -7.252668, "longitude": 106.625497, "tahun": 2021, "Cluster": 6 }, "geometry": { "type": "Point", "coordinates": [ 106.625497, -7.252668 ] } },
{ "type": "Feature", "properties": { "id": 140, "kode_provinsi": 32, "nama_provinsi": "JAWA BARAT", "kode_kabupaten_kota": 3202, "nama_kabupaten_kota": "KABUPATEN SUKABUMI", "nama_rs": "RSUD PALABUHANRATU", "alamat": "JL. AHMAD YANI NO.2", "desa_kelurahan": "CITEPUS", "kecamatan": "PALABUHANRATU", "telp_ppk": "0266-432081", "latitude": -6.98904, "longitude": 106.557929, "tahun": 2021, "Cluster": 6 }, "geometry": { "type": "Point", "coordinates": [ 106.557929, -6.98904 ] } },
{ "type": "Feature", "properties": { "id": 141, "kode_provinsi": 32, "nama_provinsi": "JAWA BARAT", "kode_kabupaten_kota": 3211, "nama_kabupaten_kota": "KABUPATEN SUMEDANG", "nama_rs": "RSUD SUMEDANG", "alamat": "JL. PALASARI NO. 80", "desa_kelurahan": "KOTAKULON", "kecamatan": "SUMEDANG SELATAN", "telp_ppk": "0261-201021", "latitude": -6.857049, "longitude": 107.920718, "tahun": 2021, "Cluster": 0 }, "geometry": { "type": "Point", "coordinates": [ 107.920718, -6.857049 ] } },
{ "type": "Feature", "properties": { "id": 142, "kode_provinsi": 32, "nama_provinsi": "JAWA BARAT", "kode_kabupaten_kota": 3206, "nama_kabupaten_kota": "KABUPATEN TASIKMALAYA", "nama_rs": "RSUD SINGAPARNA MEDIKA CITRAUTAMA (SMC)", "alamat": "JL. RAYA RANCAMAYA", "desa_kelurahan": "CIKUNTEN", "kecamatan": "SINGAPARNA", "telp_ppk": "0812-157-5782", "latitude": -7.358758, "longitude": 108.106736, "tahun": 2021, "Cluster": 3 }, "geometry": { "type": "Point", "coordinates": [ 108.106736, -7.358758 ] } },
{ "type": "Feature", "properties": { "id": 143, "kode_provinsi": 32, "nama_provinsi": "JAWA BARAT", "kode_kabupaten_kota": 3273, "nama_kabupaten_kota": "KOTA BANDUNG", "nama_rs": "RSU PUSAT DR. HASAN SADIKIN", "alamat": "JL. PASTEUR NO. 38", "desa_kelurahan": "PASTEUR", "kecamatan": "SUKAJADI", "telp_ppk": "022-2034954", "latitude": -6.90017, "longitude": 107.600984, "tahun": 2021, "Cluster": 0 }, "geometry": { "type": "Point", "coordinates": [ 107.600984, -6.90017 ] } },
{ "type": "Feature", "properties": { "id": 144, "kode_provinsi": 32, "nama_provinsi": "JAWA BARAT", "kode_kabupaten_kota": 3273, "nama_kabupaten_kota": "KOTA BANDUNG", "nama_rs": "RSUD KOTA BANDUNG", "alamat": "JL. RUMAH SAKIT NO. 22 UJUNG BERUNG", "desa_kelurahan": "PAKEMITAN", "kecamatan": "CINAMBO", "telp_ppk": "022-7811794", "latitude": -6.91541, "longitude": 107.69934, "tahun": 2021, "Cluster": 0 }, "geometry": { "type": "Point", "coordinates": [ 107.69934, -6.91541 ] } },
{ "type": "Feature", "properties": { "id": 145, "kode_provinsi": 32, "nama_provinsi": "JAWA BARAT", "kode_kabupaten_kota": 3279, "nama_kabupaten_kota": "KOTA BANJAR", "nama_rs": "RSUD KOTA BANJAR", "alamat": "JL. RUMAH SAKIT UMUM NO. 5", "desa_kelurahan": "HEGARSARI", "kecamatan": "PATARUMAN", "telp_ppk": "0265-332314", "latitude": -7.368493, "longitude": 108.543096, "tahun": 2021, "Cluster": 3 }, "geometry": { "type": "Point", "coordinates": [ 108.543096, -7.368493 ] } },
{ "type": "Feature", "properties": { "id": 146, "kode_provinsi": 32, "nama_provinsi": "JAWA BARAT", "kode_kabupaten_kota": 3279, "nama_kabupaten_kota": "KOTA BANJAR", "nama_rs": "RSUD ASIH HUSADA LANGENSARI", "alamat": "JL. PAHLAWAN NO.25, MUKTISARI, KEC. LANGENSARI, KOTA BANJAR, JAWA BARAT 46343", "desa_kelurahan": "MUKTISARI", "kecamatan": "LANGENSARI", "telp_ppk": "0265-7484676", "latitude": -7.3668666, "longitude": 108.608709, "tahun": 2021, "Cluster": 3 }, "geometry": { "type": "Point", "coordinates": [ 108.608709, -7.3668666 ] } },
{ "type": "Feature", "properties": { "id": 147, "kode_provinsi": 32, "nama_provinsi": "JAWA BARAT", "kode_kabupaten_kota": 3275, "nama_kabupaten_kota": "KOTA BEKASI", "nama_rs": "RSUD KOTA BEKASI", "alamat": "JL. PRAMUKA NO. 55", "desa_kelurahan": "MARGA JAYA", "kecamatan": "BEKASI SELATAN", "telp_ppk": "021-8841005", "latitude": -6.270428, "longitude": 107.004955, "tahun": 2021, "Cluster": 1 }, "geometry": { "type": "Point", "coordinates": [ 107.004955, -6.270428 ] } },
{ "type": "Feature", "properties": { "id": 148, "kode_provinsi": 32, "nama_provinsi": "JAWA BARAT", "kode_kabupaten_kota": 3275, "nama_kabupaten_kota": "KOTA BEKASI", "nama_rs": "RSUD PONDOK GEDE", "alamat": "JL. RAYA JATIWARINGIN NO.1, RT.001/RW.009, JATIWARINGIN, KEC. PD. GEDE, KOTA BKS, JAWA BARAT 17411", "desa_kelurahan": "JATIWARINGIN", "kecamatan": "PONDOK GEDE", "telp_ppk": "021-85516033", "latitude": -6.2828185, "longitude": 106.913621, "tahun": 2021, "Cluster": 1 }, "geometry": { "type": "Point", "coordinates": [ 106.913621, -6.2828185 ] } },
{ "type": "Feature", "properties": { "id": 149, "kode_provinsi": 32, "nama_provinsi": "JAWA BARAT", "kode_kabupaten_kota": 3275, "nama_kabupaten_kota": "KOTA BEKASI", "nama_rs": "RSUD JATISAMPURNA", "alamat": "L. RAYA KRANGGAN NO.26, RT.001/RW.004, JATISAMPURNA, KEC. JATISAMPURNA, KOTA BKS, JAWA BARAT 17433", "desa_kelurahan": "KRANGGAN", "kecamatan": "JATISAMPURNA", "telp_ppk": "021-22817282", "latitude": -6.3635511, "longitude": 106.92151, "tahun": 2021, "Cluster": 1 }, "geometry": { "type": "Point", "coordinates": [ 106.92151, -6.3635511 ] } },
{ "type": "Feature", "properties": { "id": 150, "kode_provinsi": 32, "nama_provinsi": "JAWA BARAT", "kode_kabupaten_kota": 3275, "nama_kabupaten_kota": "KOTA BEKASI", "nama_rs": "RSUD BANTARGEBANG", "alamat": "JL. SILIWANGI NO.KM. 10, RT.004/RW.001, BANTARGEBANG, KEC. BANTAR GEBANG, KOTA BKS, JAWA BARAT 17152", "desa_kelurahan": "BANTARGEBANG", "kecamatan": "BANTARGEBANG", "telp_ppk": "021-82637773", "latitude": -6.3146173, "longitude": 106.986518, "tahun": 2021, "Cluster": 1 }, "geometry": { "type": "Point", "coordinates": [ 106.986518, -6.3146173 ] } },
{ "type": "Feature", "properties": { "id": 151, "kode_provinsi": 32, "nama_provinsi": "JAWA BARAT", "kode_kabupaten_kota": 3275, "nama_kabupaten_kota": "KOTA BEKASI", "nama_rs": "RSUD TELUK PUCUNG", "alamat": "JL. LKR. UTARA, RT.002/RW.006, TLK. PUCUNG, KEC. BEKASI UTARA, KOTA BKS, JAWA BARAT 17121", "desa_kelurahan": "TELUK PUCUNG", "kecamatan": "BEKASI UTARA", "telp_ppk": "021-38312012", "latitude": -6.2102844, "longitude": 107.027722, "tahun": 2021, "Cluster": 1 }, "geometry": { "type": "Point", "coordinates": [ 107.027722, -6.2102844 ] } },
{ "type": "Feature", "properties": { "id": 152, "kode_provinsi": 32, "nama_provinsi": "JAWA BARAT", "kode_kabupaten_kota": 3271, "nama_kabupaten_kota": "KOTA BOGOR", "nama_rs": "RSUD KOTA BOGOR", "alamat": "JL. DOKTOR SUMERU NO 120 BOGOR", "desa_kelurahan": "MENTENG", "kecamatan": "BOGOR BARAT", "telp_ppk": "0251-8312292", "latitude": -6.58041, "longitude": 106.778, "tahun": 2021, "Cluster": 5 }, "geometry": { "type": "Point", "coordinates": [ 106.778, -6.58041 ] } },
{ "type": "Feature", "properties": { "id": 153, "kode_provinsi": 32, "nama_provinsi": "JAWA BARAT", "kode_kabupaten_kota": 3277, "nama_kabupaten_kota": "KOTA CIMAHI", "nama_rs": "RSUD CIBABAT", "alamat": "JL. RAYA CIBABAT NO 140 CIMAHI", "desa_kelurahan": "CIBABAT", "kecamatan": "CIMAHI UTARA", "telp_ppk": "022-6652025", "latitude": -6.87924083, "longitude": 107.550775, "tahun": 2021, "Cluster": 0 }, "geometry": { "type": "Point", "coordinates": [ 107.550775, -6.87924083 ] } },
{ "type": "Feature", "properties": { "id": 154, "kode_provinsi": 32, "nama_provinsi": "JAWA BARAT", "kode_kabupaten_kota": 3274, "nama_kabupaten_kota": "KOTA CIREBON", "nama_rs": "RSUD GUNUNG JATI", "alamat": "JL. KESAMBI NO 56", "desa_kelurahan": "DRAJAT", "kecamatan": "KESAMBI", "telp_ppk": "0231-20633", "latitude": -6.73077263, "longitude": 108.555372, "tahun": 2021, "Cluster": 3 }, "geometry": { "type": "Point", "coordinates": [ 108.555372, -6.73077263 ] } },
{ "type": "Feature", "properties": { "id": 155, "kode_provinsi": 32, "nama_provinsi": "JAWA BARAT", "kode_kabupaten_kota": 3276, "nama_kabupaten_kota": "KOTA DEPOK", "nama_rs": "RSUD KOTA DEPOK", "alamat": "JL. RAYA MUCHTAR NO.99, SAWANGAN LAMA, KEC. SAWANGAN, KOTA DEPOK, JAWA BARAT 16511", "desa_kelurahan": "SAWANGAN LAMA", "kecamatan": "SAWANGAN", "telp_ppk": "0251-8602514", "latitude": -6.395751, "longitude": 106.759009, "tahun": 2021, "Cluster": 5 }, "geometry": { "type": "Point", "coordinates": [ 106.759009, -6.395751 ] } },
{ "type": "Feature", "properties": { "id": 156, "kode_provinsi": 32, "nama_provinsi": "JAWA BARAT", "kode_kabupaten_kota": 3272, "nama_kabupaten_kota": "KOTA SUKABUMI", "nama_rs": "RSUD R. SAMSUDIN SH", "alamat": "JL. RUMAH SAKIT NO.1", "desa_kelurahan": "CIKOLE", "kecamatan": "CIKOLE", "telp_ppk": "0266-225180", "latitude": -6.914882, "longitude": 106.934792, "tahun": 2021, "Cluster": 1 }, "geometry": { "type": "Point", "coordinates": [ 106.934792, -6.914882 ] } },
{ "type": "Feature", "properties": { "id": 157, "kode_provinsi": 32, "nama_provinsi": "JAWA BARAT", "kode_kabupaten_kota": 3272, "nama_kabupaten_kota": "KOTA SUKABUMI", "nama_rs": "RSUD AL MULK", "alamat": "JL. PELABUHAN II KM 6", "desa_kelurahan": "LEMBURSITU", "kecamatan": "LEMBURSITU", "telp_ppk": "0266-6243088", "latitude": -6.958535, "longitude": 106.897496, "tahun": 2021, "Cluster": 1 }, "geometry": { "type": "Point", "coordinates": [ 106.897496, -6.958535 ] } },
{ "type": "Feature", "properties": { "id": 158, "kode_provinsi": 32, "nama_provinsi": "JAWA BARAT", "kode_kabupaten_kota": 3278, "nama_kabupaten_kota": "KOTA TASIKMALAYA", "nama_rs": "RSUD DR. SOEKARDJO", "alamat": "JL. RUMAH SAKIT NO.33", "desa_kelurahan": "EMPANGSARI", "kecamatan": "TAWANG", "telp_ppk": "0265-331680", "latitude": -7.33234718, "longitude": 108.22529, "tahun": 2021, "Cluster": 3 }, "geometry": { "type": "Point", "coordinates": [ 108.22529, -7.33234718 ] } },
{ "type": "Feature", "properties": { "id": 159, "kode_provinsi": 32, "nama_provinsi": "JAWA BARAT", "kode_kabupaten_kota": 3204, "nama_kabupaten_kota": "KABUPATEN BANDUNG", "nama_rs": "RSUD CICALENGKA", "alamat": "JL. H. DARHAM CIKOPO NO.35, TENJOLAYA, KEC. CICALENGKA, BANDUNG, JAWA BARAT 40395", "desa_kelurahan": "TENJOLAYA", "kecamatan": "CICALENGKA", "telp_ppk": "022-7952202", "latitude": -6.98233728, "longitude": 107.842052, "tahun": 2022, "Cluster": 0 }, "geometry": { "type": "Point", "coordinates": [ 107.842052, -6.98233728 ] } },
{ "type": "Feature", "properties": { "id": 160, "kode_provinsi": 32, "nama_provinsi": "JAWA BARAT", "kode_kabupaten_kota": 3204, "nama_kabupaten_kota": "KABUPATEN BANDUNG", "nama_rs": "RSUD AL IHSAN", "alamat": "JL. KI ASTRAMANGGALA, BALEENDAH, KEC. BALEENDAH, BANDUNG, JAWA BARAT 40381, INDONESIA", "desa_kelurahan": "BALEENDAH", "kecamatan": "BALEENDAH", "telp_ppk": "022-5940872", "latitude": -7.00770719, "longitude": 107.624064, "tahun": 2022, "Cluster": 0 }, "geometry": { "type": "Point", "coordinates": [ 107.624064, -7.00770719 ] } },
{ "type": "Feature", "properties": { "id": 161, "kode_provinsi": 32, "nama_provinsi": "JAWA BARAT", "kode_kabupaten_kota": 3204, "nama_kabupaten_kota": "KABUPATEN BANDUNG", "nama_rs": "RSUD MAJALAYA", "alamat": "JL. CIPAKU NO.87, CIPAKU, KEC. PASEH, BANDUNG, JAWA BARAT 40383, INDONESIA", "desa_kelurahan": "CIPAKU", "kecamatan": "PASEH", "telp_ppk": "022-5950035", "latitude": -7.04929, "longitude": 107.772, "tahun": 2022, "Cluster": 0 }, "geometry": { "type": "Point", "coordinates": [ 107.772, -7.04929 ] } },
{ "type": "Feature", "properties": { "id": 162, "kode_provinsi": 32, "nama_provinsi": "JAWA BARAT", "kode_kabupaten_kota": 3204, "nama_kabupaten_kota": "KABUPATEN BANDUNG", "nama_rs": "RSUD SOREANG", "alamat": "JL. ALUN-ALUN UTARA NO.1, PAMEKARAN, KEC. SOREANG, BANDUNG, JAWA BARAT 40912, INDONESIA", "desa_kelurahan": "PAMEKARAN", "kecamatan": "SOREANG", "telp_ppk": "022-5891355", "latitude": -7.03, "longitude": 108.0, "tahun": 2022, "Cluster": 0 }, "geometry": { "type": "Point", "coordinates": [ 108.0, -7.03 ] } },
{ "type": "Feature", "properties": { "id": 163, "kode_provinsi": 32, "nama_provinsi": "JAWA BARAT", "kode_kabupaten_kota": 3204, "nama_kabupaten_kota": "KABUPATEN BANDUNG", "nama_rs": "RSUD KESEHATAN KERJA", "alamat": "JL. RANCAEKEK NO.KM.27, RW.NO.612, NANJUNGMEKAR, KEC. RANCAEKEK, KABUPATEN BANDUNG, JAWA BARAT 40394", "desa_kelurahan": "NANJUNGMEKAR", "kecamatan": "RANCAEKEK", "telp_ppk": "022-7798778", "latitude": -6.967451, "longitude": 107.826241, "tahun": 2022, "Cluster": 0 }, "geometry": { "type": "Point", "coordinates": [ 107.826241, -6.967451 ] } },
{ "type": "Feature", "properties": { "id": 164, "kode_provinsi": 32, "nama_provinsi": "JAWA BARAT", "kode_kabupaten_kota": 3217, "nama_kabupaten_kota": "KABUPATEN BANDUNG BARAT", "nama_rs": "RSUD CIKALONG WETAN", "alamat": "JL. CIKALONG NO.290, CIPTAGUMATI, KEC. CIKALONG WETAN, KABUPATEN BANDUNG BARAT, JAWA BARAT 40556, INDONESIA", "desa_kelurahan": "CIPTAMUGATI", "kecamatan": "CIKALONG WETAN", "telp_ppk": "022-86866016", "latitude": -6.74374444, "longitude": 107.444976, "tahun": 2022, "Cluster": 0 }, "geometry": { "type": "Point", "coordinates": [ 107.444976, -6.74374444 ] } },
{ "type": "Feature", "properties": { "id": 165, "kode_provinsi": 32, "nama_provinsi": "JAWA BARAT", "kode_kabupaten_kota": 3217, "nama_kabupaten_kota": "KABUPATEN BANDUNG BARAT", "nama_rs": "RSUD LEMBANG", "alamat": "JL. RAYA LEMBANG KM 11,4 NO. 11, GUDANGKAHURIPAN, LEMBANG, GUDANGKAHURIPAN, LEMBANG, KABUPATEN BANDUNG BARAT, JAWA BARAT 40391, INDONESIA", "desa_kelurahan": "GUDANGKAAHURIPAN", "kecamatan": "LEMBANG", "telp_ppk": "022-2786879", "latitude": -6.83820952, "longitude": 107.598325, "tahun": 2022, "Cluster": 0 }, "geometry": { "type": "Point", "coordinates": [ 107.598325, -6.83820952 ] } },
{ "type": "Feature", "properties": { "id": 166, "kode_provinsi": 32, "nama_provinsi": "JAWA BARAT", "kode_kabupaten_kota": 3217, "nama_kabupaten_kota": "KABUPATEN BANDUNG BARAT", "nama_rs": "RSJ PROVINSI JAWA BARAT", "alamat": "JL. KOLONEL MASTURI NO.KM.7, JAMBUDIPA, KEC. CISARUA, KABUPATEN BANDUNG BARAT, JAWA BARAT, INDONESIA", "desa_kelurahan": "JAMBUDIPA", "kecamatan": "CISARUA", "telp_ppk": "022-2700260", "latitude": -6.80901504, "longitude": 107.563111, "tahun": 2022, "Cluster": 0 }, "geometry": { "type": "Point", "coordinates": [ 107.563111, -6.80901504 ] } },
{ "type": "Feature", "properties": { "id": 167, "kode_provinsi": 32, "nama_provinsi": "JAWA BARAT", "kode_kabupaten_kota": 3217, "nama_kabupaten_kota": "KABUPATEN BANDUNG BARAT", "nama_rs": "RSUD CILILIN", "alamat": "JL. CINTAKARYA, CILILIN, KABUPATEN BANDUNG BARAT, JAWA BARAT 40562, INDONESIA", "desa_kelurahan": "CINTAKARYA", "kecamatan": "CILILIN", "telp_ppk": "022-6941600", "latitude": -6.94353815, "longitude": 107.459616, "tahun": 2022, "Cluster": 0 }, "geometry": { "type": "Point", "coordinates": [ 107.459616, -6.94353815 ] } },
{ "type": "Feature", "properties": { "id": 168, "kode_provinsi": 32, "nama_provinsi": "JAWA BARAT", "kode_kabupaten_kota": 3216, "nama_kabupaten_kota": "KABUPATEN BEKASI", "nama_rs": "RSUD KABUPATEN BEKASI", "alamat": "JL. RAYA TEUKU UMAR NO.202, WANASARI, KEC. CIBITUNG, BEKASI, JAWA BARAT 17520, INDONESIA", "desa_kelurahan": "WANASARI", "kecamatan": "CIBITUNG", "telp_ppk": "021-88374444", "latitude": -6.27, "longitude": 107.0, "tahun": 2022, "Cluster": 1 }, "geometry": { "type": "Point", "coordinates": [ 107.0, -6.27 ] } },
{ "type": "Feature", "properties": { "id": 169, "kode_provinsi": 32, "nama_provinsi": "JAWA BARAT", "kode_kabupaten_kota": 3216, "nama_kabupaten_kota": "KABUPATEN BEKASI", "nama_rs": "RSUD CABANGBUNGIN", "alamat": "DESA JAYALAKSANA KECAMATAN CABANG BUNGIN KABUPATEN BEKASI", "desa_kelurahan": "JAYALAKSANA", "kecamatan": "CABANGBUNGIN", "telp_ppk": "0857-1767-8889", "latitude": -6.1, "longitude": 107.0, "tahun": 2022, "Cluster": 1 }, "geometry": { "type": "Point", "coordinates": [ 107.0, -6.1 ] } },
{ "type": "Feature", "properties": { "id": 170, "kode_provinsi": 32, "nama_provinsi": "JAWA BARAT", "kode_kabupaten_kota": 3201, "nama_kabupaten_kota": "KABUPATEN BOGOR", "nama_rs": "RSUD LEUWILIANG", "alamat": "JL. RAYA CIBEBER - LEUWILIANG BOGOR", "desa_kelurahan": "CIBEBER", "kecamatan": "LEUWILIANG", "telp_ppk": "0251-8643290", "latitude": -6.57, "longitude": 107.0, "tahun": 2022, "Cluster": 1 }, "geometry": { "type": "Point", "coordinates": [ 107.0, -6.57 ] } },
{ "type": "Feature", "properties": { "id": 171, "kode_provinsi": 32, "nama_provinsi": "JAWA BARAT", "kode_kabupaten_kota": 3201, "nama_kabupaten_kota": "KABUPATEN BOGOR", "nama_rs": "RSUD CIBINONG", "alamat": "JL. KSR DADI KUSMAYADI NO. 27 CIBINONG BOGOR", "desa_kelurahan": "TENGAH", "kecamatan": "CIBINONG", "telp_ppk": "021-8753487", "latitude": -6.47, "longitude": 107.0, "tahun": 2022, "Cluster": 1 }, "geometry": { "type": "Point", "coordinates": [ 107.0, -6.47 ] } },
{ "type": "Feature", "properties": { "id": 172, "kode_provinsi": 32, "nama_provinsi": "JAWA BARAT", "kode_kabupaten_kota": 3201, "nama_kabupaten_kota": "KABUPATEN BOGOR", "nama_rs": "RSUD CIAWI", "alamat": "JL. RAYA PUNCAK 479 CIAWI BOGOR", "desa_kelurahan": "BENDUNGAN", "kecamatan": "CIAWI", "telp_ppk": "0518-240736", "latitude": -6.66, "longitude": 107.0, "tahun": 2022, "Cluster": 1 }, "geometry": { "type": "Point", "coordinates": [ 107.0, -6.66 ] } },
{ "type": "Feature", "properties": { "id": 173, "kode_provinsi": 32, "nama_provinsi": "JAWA BARAT", "kode_kabupaten_kota": 3201, "nama_kabupaten_kota": "KABUPATEN BOGOR", "nama_rs": "RS UMUM DR MUHAMAD HASSAN TOTO", "alamat": "JL. SARDJIO NO. 1, SEMPLAK KEC. KEMANG", "desa_kelurahan": "ATANG SENJAYA", "kecamatan": "KEMANG", "telp_ppk": "0251-7535976", "latitude": -6.5, "longitude": 107.0, "tahun": 2022, "Cluster": 1 }, "geometry": { "type": "Point", "coordinates": [ 107.0, -6.5 ] } },
{ "type": "Feature", "properties": { "id": 174, "kode_provinsi": 32, "nama_provinsi": "JAWA BARAT", "kode_kabupaten_kota": 3201, "nama_kabupaten_kota": "KABUPATEN BOGOR", "nama_rs": "RSUD CILEUNGSI", "alamat": "JL. RAYA CILEUNGSI-JONGGOL KM.10 CILEUNGSI KABUPATEN BOGOR", "desa_kelurahan": "CIPEUCANG", "kecamatan": "CILEUNGSI", "telp_ppk": "021-89934667", "latitude": -6.43, "longitude": 107.0, "tahun": 2022, "Cluster": 1 }, "geometry": { "type": "Point", "coordinates": [ 107.0, -6.43 ] } },
{ "type": "Feature", "properties": { "id": 175, "kode_provinsi": 32, "nama_provinsi": "JAWA BARAT", "kode_kabupaten_kota": 3207, "nama_kabupaten_kota": "KABUPATEN CIAMIS", "nama_rs": "RSUD CIAMIS", "alamat": "JL. RUMAH SAKIT NO.76, CIAMIS,", "desa_kelurahan": "CIAMIS", "kecamatan": "CIAMIS", "telp_ppk": "0265-771018", "latitude": -7.34, "longitude": 108.0, "tahun": 2022, "Cluster": 0 }, "geometry": { "type": "Point", "coordinates": [ 108.0, -7.34 ] } },
{ "type": "Feature", "properties": { "id": 176, "kode_provinsi": 32, "nama_provinsi": "JAWA BARAT", "kode_kabupaten_kota": 3207, "nama_kabupaten_kota": "KABUPATEN CIAMIS", "nama_rs": "RSUD KAWALI", "alamat": "Jl. Raya Kawali-Cirebon No.37, Winduraja, Kec. Kawali, Kabupaten Ciamis, Jawa Barat 46253", "desa_kelurahan": "WINDURAJA", "kecamatan": "KAWALI", "telp_ppk": "0265-7511923", "latitude": -7.1720345, "longitude": 108.368269, "tahun": 2022, "Cluster": 3 }, "geometry": { "type": "Point", "coordinates": [ 108.368269, -7.1720345 ] } },
{ "type": "Feature", "properties": { "id": 177, "kode_provinsi": 32, "nama_provinsi": "JAWA BARAT", "kode_kabupaten_kota": 3203, "nama_kabupaten_kota": "KABUPATEN CIANJUR", "nama_rs": "RSUD CIMACAN", "alamat": "JL. RAYA CIMACAN NO.17A, PALASARI, KEC. CIPANAS, KABUPATEN CIANJUR, JAWA BARAT 43253", "desa_kelurahan": "PALASARI", "kecamatan": "CIPANAS", "telp_ppk": "0263-512465", "latitude": -6.72033255, "longitude": 107.032537, "tahun": 2022, "Cluster": 1 }, "geometry": { "type": "Point", "coordinates": [ 107.032537, -6.72033255 ] } },
{ "type": "Feature", "properties": { "id": 178, "kode_provinsi": 32, "nama_provinsi": "JAWA BARAT", "kode_kabupaten_kota": 3203, "nama_kabupaten_kota": "KABUPATEN CIANJUR", "nama_rs": "RSUD SAYANG KAB CIANJUR", "alamat": "JL. RUMAH SAKIT NO.1, BOJONGHERANG, KEC. CIANJUR, KABUPATEN CIANJUR, JAWA BARAT 43216", "desa_kelurahan": "BOJONGHERANG", "kecamatan": "CIANJUR", "telp_ppk": "0263-261026", "latitude": -6.810525, "longitude": 107.141066, "tahun": 2022, "Cluster": 2 }, "geometry": { "type": "Point", "coordinates": [ 107.141066, -6.810525 ] } },
{ "type": "Feature", "properties": { "id": 179, "kode_provinsi": 32, "nama_provinsi": "JAWA BARAT", "kode_kabupaten_kota": 3203, "nama_kabupaten_kota": "KABUPATEN CIANJUR", "nama_rs": "RSUD PAGELARAN", "alamat": "JL. RAYA PAGELARAN NO 18 DESA PAGELARAN KEC. PAGELARAN KABUPATEN CIANJUR 43266", "desa_kelurahan": "DESA PAGELARAN", "kecamatan": "PAGELARAN", "telp_ppk": "0263--2361093", "latitude": -7.21435837, "longitude": 107.139431, "tahun": 2022, "Cluster": 2 }, "geometry": { "type": "Point", "coordinates": [ 107.139431, -7.21435837 ] } },
{ "type": "Feature", "properties": { "id": 180, "kode_provinsi": 32, "nama_provinsi": "JAWA BARAT", "kode_kabupaten_kota": 3209, "nama_kabupaten_kota": "KABUPATEN CIREBON", "nama_rs": "RSUD WALED", "alamat": "JL. PRABU KIANSANTANG NO.4, WALED KOTA, WALED, CIREBON, JAWA BARAT 45187", "desa_kelurahan": "WALED KOTA", "kecamatan": "WALED", "telp_ppk": "0231-661126", "latitude": -6.91304, "longitude": 108.719, "tahun": 2022, "Cluster": 3 }, "geometry": { "type": "Point", "coordinates": [ 108.719, -6.91304 ] } },
{ "type": "Feature", "properties": { "id": 181, "kode_provinsi": 32, "nama_provinsi": "JAWA BARAT", "kode_kabupaten_kota": 3209, "nama_kabupaten_kota": "KABUPATEN CIREBON", "nama_rs": "RS PARU PROVINSI JAWA BARAT", "alamat": "JL. PANGERAN KEJAKSAN PO.BOX 4 DESA SIDAWANGI, KECAMATAN SUMBER KABUPATEN CIREBON", "desa_kelurahan": "SIDAWANGI", "kecamatan": "SUMBER", "telp_ppk": "0231--8330707", "latitude": -6.797155, "longitude": 108.475501, "tahun": 2022, "Cluster": 3 }, "geometry": { "type": "Point", "coordinates": [ 108.475501, -6.797155 ] } },
{ "type": "Feature", "properties": { "id": 182, "kode_provinsi": 32, "nama_provinsi": "JAWA BARAT", "kode_kabupaten_kota": 3209, "nama_kabupaten_kota": "KABUPATEN CIREBON", "nama_rs": "RSUD RJAWINANGUN", "alamat": "JL. BY PASS PALIMANAN JAKARTA KM. 2 NO. 1, KEBONTURI, KEC. ARJAWINANGUN, KABUPATEN CIREBON, JAWA BARAT 45162", "desa_kelurahan": "KEBONTURI", "kecamatan": "ARJAWINANGUN", "telp_ppk": "0231-358335", "latitude": -6.6565688, "longitude": 108.412696, "tahun": 2022, "Cluster": 3 }, "geometry": { "type": "Point", "coordinates": [ 108.412696, -6.6565688 ] } },
{ "type": "Feature", "properties": { "id": 183, "kode_provinsi": 32, "nama_provinsi": "JAWA BARAT", "kode_kabupaten_kota": 3205, "nama_kabupaten_kota": "KABUPATEN GARUT", "nama_rs": "RSUD PAMEUNGPEUK", "alamat": "JL. MIRAMAREU NO.99, SIRNABAKTI, PAMEUNGPEUK, KABUPATEN GARUT, JAWA BARAT 44175", "desa_kelurahan": "SIRNABAKTI", "kecamatan": "PAMEUNGPEUK", "telp_ppk": "0262-2816017", "latitude": -7.22540946, "longitude": 107.911241, "tahun": 2022, "Cluster": 0 }, "geometry": { "type": "Point", "coordinates": [ 107.911241, -7.22540946 ] } },
{ "type": "Feature", "properties": { "id": 184, "kode_provinsi": 32, "nama_provinsi": "JAWA BARAT", "kode_kabupaten_kota": 3205, "nama_kabupaten_kota": "KABUPATEN GARUT", "nama_rs": "RSUD DR SLAMET GARUT", "alamat": "JL. RSU DR. SLAMET NO.12, SUKAKARYA, KEC. TAROGONG KIDUL, KABUPATEN GARUT, JAWA BARAT 44151", "desa_kelurahan": "SUKAKARYA", "kecamatan": "TAROGONG KIDUL", "telp_ppk": "0262-232720", "latitude": -7.213105, "longitude": 107.920109, "tahun": 2022, "Cluster": 0 }, "geometry": { "type": "Point", "coordinates": [ 107.920109, -7.213105 ] } },
{ "type": "Feature", "properties": { "id": 185, "kode_provinsi": 32, "nama_provinsi": "JAWA BARAT", "kode_kabupaten_kota": 3212, "nama_kabupaten_kota": "KABUPATEN INDRAMAYU", "nama_rs": "RSUD INDRAMAYU", "alamat": "JL. MURAHNARA NO.7, SINDANG, KABUPATEN INDRAMAYU, JAWA BARAT 45222", "desa_kelurahan": "SINDANG", "kecamatan": "INDRAMAYU", "telp_ppk": "0234-023427265", "latitude": -6.33021, "longitude": 108.32, "tahun": 2022, "Cluster": 3 }, "geometry": { "type": "Point", "coordinates": [ 108.32, -6.33021 ] } },
{ "type": "Feature", "properties": { "id": 186, "kode_provinsi": 32, "nama_provinsi": "JAWA BARAT", "kode_kabupaten_kota": 3212, "nama_kabupaten_kota": "KABUPATEN INDRAMAYU", "nama_rs": "RSUD PANTURA MA SENTOT PATROL", "alamat": "JL. RAYA PATROL NO.KM.46, PATROL LOR, KEC. PATROL, KABUPATEN INDRAMAYU, JAWA BARAT 45257", "desa_kelurahan": "PATROL LOR", "kecamatan": "PATROL", "telp_ppk": "0234-612715", "latitude": -6.31432086, "longitude": 107.998717, "tahun": 2022, "Cluster": 0 }, "geometry": { "type": "Point", "coordinates": [ 107.998717, -6.31432086 ] } },
{ "type": "Feature", "properties": { "id": 187, "kode_provinsi": 32, "nama_provinsi": "JAWA BARAT", "kode_kabupaten_kota": 3212, "nama_kabupaten_kota": "KABUPATEN INDRAMAYU", "nama_rs": "RSUD M URSID IBNU SYAFIUDDIN", "alamat": "Krangkeng, Kec. Krangkeng, Kabupaten Indramayu, Jawa Barat 45284", "desa_kelurahan": "KRANGKENG", "kecamatan": "KRANGKENG", "telp_ppk": "0", "latitude": -6.495347, "longitude": 108.474553, "tahun": 2022, "Cluster": 3 }, "geometry": { "type": "Point", "coordinates": [ 108.474553, -6.495347 ] } },
{ "type": "Feature", "properties": { "id": 188, "kode_provinsi": 32, "nama_provinsi": "JAWA BARAT", "kode_kabupaten_kota": 3215, "nama_kabupaten_kota": "KABUPATEN KARAWANG", "nama_rs": "RSUD KARAWANG", "alamat": "JL. GALUH MAS RAYA NO.1, SUKAHARJA, KEC. TELUKJAMBE TIM., KABUPATEN KARAWANG, JAWA BARAT 41361", "desa_kelurahan": "SUKAHARJA", "kecamatan": "TELUKJAMBE TIMUR", "telp_ppk": "0267-640444", "latitude": -6.320752, "longitude": 107.293131, "tahun": 2022, "Cluster": 4 }, "geometry": { "type": "Point", "coordinates": [ 107.293131, -6.320752 ] } },
{ "type": "Feature", "properties": { "id": 189, "kode_provinsi": 32, "nama_provinsi": "JAWA BARAT", "kode_kabupaten_kota": 3208, "nama_kabupaten_kota": "KABUPATEN KUNINGAN", "nama_rs": "RSUD LINGGARJATI", "alamat": "JL. RAYA BANDORASA WETAN NO.36", "desa_kelurahan": "BANDORASA WETAN", "kecamatan": "CILIMUS", "telp_ppk": "0232-614885", "latitude": -6.885481, "longitude": 108.493841, "tahun": 2022, "Cluster": 3 }, "geometry": { "type": "Point", "coordinates": [ 108.493841, -6.885481 ] } },
{ "type": "Feature", "properties": { "id": 190, "kode_provinsi": 32, "nama_provinsi": "JAWA BARAT", "kode_kabupaten_kota": 3208, "nama_kabupaten_kota": "KABUPATEN KUNINGAN", "nama_rs": "RSUD 45 KUNINGAN", "alamat": "JL .JEND SUDIRMAN NO. 68", "desa_kelurahan": "KUNINGAN", "kecamatan": "KUNINGAN", "telp_ppk": "0232-023287188", "latitude": -6.984283, "longitude": 108.481617, "tahun": 2022, "Cluster": 3 }, "geometry": { "type": "Point", "coordinates": [ 108.481617, -6.984283 ] } },
{ "type": "Feature", "properties": { "id": 191, "kode_provinsi": 32, "nama_provinsi": "JAWA BARAT", "kode_kabupaten_kota": 3210, "nama_kabupaten_kota": "KABUPATEN MAJALENGKA", "nama_rs": "RSUD CIDERES", "alamat": "JL. RAYA CIDERES - KADIPATEN NO 180", "desa_kelurahan": "BOJONGCIDERES", "kecamatan": "DAWUAN", "telp_ppk": "0233-023366100", "latitude": -6.760698, "longitude": 108.195011, "tahun": 2022, "Cluster": 3 }, "geometry": { "type": "Point", "coordinates": [ 108.195011, -6.760698 ] } },
{ "type": "Feature", "properties": { "id": 192, "kode_provinsi": 32, "nama_provinsi": "JAWA BARAT", "kode_kabupaten_kota": 3210, "nama_kabupaten_kota": "KABUPATEN MAJALENGKA", "nama_rs": "RSUD KABUPATEN MAJALENGKA", "alamat": "JL. KESEHATAN NO. 77 MAJALENGKA", "desa_kelurahan": "MAJALENGKA WETAN", "kecamatan": "MAJALENGKA", "telp_ppk": "0233-281189", "latitude": -6.833815, "longitude": 108.233428, "tahun": 2022, "Cluster": 3 }, "geometry": { "type": "Point", "coordinates": [ 108.233428, -6.833815 ] } },
{ "type": "Feature", "properties": { "id": 193, "kode_provinsi": 32, "nama_provinsi": "JAWA BARAT", "kode_kabupaten_kota": 3218, "nama_kabupaten_kota": "KABUPATEN PANGANDARAN", "nama_rs": "RSUD KABUPATEN PANGANDARAN", "alamat": "JL. PANANJUNG NO.412", "desa_kelurahan": "PANANJUNG", "kecamatan": "PANGANDARAN", "telp_ppk": "0", "latitude": -7.681342, "longitude": 108.647689, "tahun": 2022, "Cluster": 3 }, "geometry": { "type": "Point", "coordinates": [ 108.647689, -7.681342 ] } },
{ "type": "Feature", "properties": { "id": 194, "kode_provinsi": 32, "nama_provinsi": "JAWA BARAT", "kode_kabupaten_kota": 3214, "nama_kabupaten_kota": "KABUPATEN PURWAKARTA", "nama_rs": "RSUD BAYU ASIH", "alamat": "JL. VETERAN NO. 39", "desa_kelurahan": "NAGRI KALER", "kecamatan": " PURWAKARTA", "telp_ppk": "0264-200100", "latitude": -65381349.0, "longitude": 107.443049, "tahun": 2022, "Cluster": -1 }, "geometry": { "type": "Point", "coordinates": [ 107.443049, -65381349.0 ] } },
{ "type": "Feature", "properties": { "id": 195, "kode_provinsi": 32, "nama_provinsi": "JAWA BARAT", "kode_kabupaten_kota": 3213, "nama_kabupaten_kota": "KABUPATEN SUBANG", "nama_rs": "RSUD KAB SUBANG", "alamat": "JL. BRIGJEN KATAMSO NO.37", "desa_kelurahan": " DANGDEUR", "kecamatan": "SUBANG", "telp_ppk": "0260-417442", "latitude": -6.558127, "longitude": 107.747054, "tahun": 2022, "Cluster": 0 }, "geometry": { "type": "Point", "coordinates": [ 107.747054, -6.558127 ] } },
{ "type": "Feature", "properties": { "id": 196, "kode_provinsi": 32, "nama_provinsi": "JAWA BARAT", "kode_kabupaten_kota": 3202, "nama_kabupaten_kota": "KABUPATEN SUKABUMI", "nama_rs": "RSUD SEKARWANGI", "alamat": "JL. SILIWANGI 49 CIBADAK", "desa_kelurahan": "CIBADAK", "kecamatan": "CIBADAK", "telp_ppk": "0266-531261", "latitude": -6.89662, "longitude": 106.793175, "tahun": 2022, "Cluster": 5 }, "geometry": { "type": "Point", "coordinates": [ 106.793175, -6.89662 ] } },
{ "type": "Feature", "properties": { "id": 197, "kode_provinsi": 32, "nama_provinsi": "JAWA BARAT", "kode_kabupaten_kota": 3202, "nama_kabupaten_kota": "KABUPATEN SUKABUMI", "nama_rs": "RSUD JAMPANG KULON", "alamat": "JL. CIBARUSAH NO. 1", "desa_kelurahan": " TANJUNG", "kecamatan": "JAMPANG KULON", "telp_ppk": "0266-490009", "latitude": -7.252668, "longitude": 106.625497, "tahun": 2022, "Cluster": 6 }, "geometry": { "type": "Point", "coordinates": [ 106.625497, -7.252668 ] } },
{ "type": "Feature", "properties": { "id": 198, "kode_provinsi": 32, "nama_provinsi": "JAWA BARAT", "kode_kabupaten_kota": 3202, "nama_kabupaten_kota": "KABUPATEN SUKABUMI", "nama_rs": "RSUD PALABUHANRATU", "alamat": "JL. AHMAD YANI NO.2", "desa_kelurahan": "CITEPUS", "kecamatan": "PALABUHANRATU", "telp_ppk": "0266-432081", "latitude": -6.98904, "longitude": 106.557929, "tahun": 2022, "Cluster": 6 }, "geometry": { "type": "Point", "coordinates": [ 106.557929, -6.98904 ] } },
{ "type": "Feature", "properties": { "id": 199, "kode_provinsi": 32, "nama_provinsi": "JAWA BARAT", "kode_kabupaten_kota": 3211, "nama_kabupaten_kota": "KABUPATEN SUMEDANG", "nama_rs": "RSUD SUMEDANG", "alamat": "JL. PALASARI NO. 80", "desa_kelurahan": "KOTAKULON", "kecamatan": "SUMEDANG SELATAN", "telp_ppk": "0261-201021", "latitude": -6.857049, "longitude": 107.920718, "tahun": 2022, "Cluster": 0 }, "geometry": { "type": "Point", "coordinates": [ 107.920718, -6.857049 ] } },
{ "type": "Feature", "properties": { "id": 200, "kode_provinsi": 32, "nama_provinsi": "JAWA BARAT", "kode_kabupaten_kota": 3206, "nama_kabupaten_kota": "KABUPATEN TASIKMALAYA", "nama_rs": "RSUD SINGAPARNA MEDIKA CITRAUTAMA (SMC)", "alamat": "JL. RAYA RANCAMAYA", "desa_kelurahan": "CIKUNTEN", "kecamatan": "SINGAPARNA", "telp_ppk": "0812-157-5782", "latitude": -7.358758, "longitude": 108.106736, "tahun": 2022, "Cluster": 3 }, "geometry": { "type": "Point", "coordinates": [ 108.106736, -7.358758 ] } },
{ "type": "Feature", "properties": { "id": 201, "kode_provinsi": 32, "nama_provinsi": "JAWA BARAT", "kode_kabupaten_kota": 3273, "nama_kabupaten_kota": "KOTA BANDUNG", "nama_rs": "RSU PUSAT DR. HASAN SADIKIN", "alamat": "JL. PASTEUR NO. 38", "desa_kelurahan": "PASTEUR", "kecamatan": "SUKAJADI", "telp_ppk": "022-2034954", "latitude": -6.90017, "longitude": 107.600984, "tahun": 2022, "Cluster": 0 }, "geometry": { "type": "Point", "coordinates": [ 107.600984, -6.90017 ] } },
{ "type": "Feature", "properties": { "id": 202, "kode_provinsi": 32, "nama_provinsi": "JAWA BARAT", "kode_kabupaten_kota": 3273, "nama_kabupaten_kota": "KOTA BANDUNG", "nama_rs": "RSUD KOTA BANDUNG", "alamat": "JL. RUMAH SAKIT NO. 22 UJUNG BERUNG", "desa_kelurahan": "PAKEMITAN", "kecamatan": "CINAMBO", "telp_ppk": "022-7811794", "latitude": -6.91541, "longitude": 107.69934, "tahun": 2022, "Cluster": 0 }, "geometry": { "type": "Point", "coordinates": [ 107.69934, -6.91541 ] } },
{ "type": "Feature", "properties": { "id": 203, "kode_provinsi": 32, "nama_provinsi": "JAWA BARAT", "kode_kabupaten_kota": 3279, "nama_kabupaten_kota": "KOTA BANJAR", "nama_rs": "RSUD KOTA BANJAR", "alamat": "JL. RUMAH SAKIT UMUM NO. 5", "desa_kelurahan": "HEGARSARI", "kecamatan": "PATARUMAN", "telp_ppk": "0265-332314", "latitude": -7.368493, "longitude": 108.543096, "tahun": 2022, "Cluster": 3 }, "geometry": { "type": "Point", "coordinates": [ 108.543096, -7.368493 ] } },
{ "type": "Feature", "properties": { "id": 204, "kode_provinsi": 32, "nama_provinsi": "JAWA BARAT", "kode_kabupaten_kota": 3279, "nama_kabupaten_kota": "KOTA BANJAR", "nama_rs": "RSUD ASIH HUSADA LANGENSARI", "alamat": "JL. PAHLAWAN NO.25, MUKTISARI, KEC. LANGENSARI, KOTA BANJAR, JAWA BARAT 46343", "desa_kelurahan": "MUKTISARI", "kecamatan": "LANGENSARI", "telp_ppk": "0265-7484676", "latitude": -7.3668666, "longitude": 108.608709, "tahun": 2022, "Cluster": 3 }, "geometry": { "type": "Point", "coordinates": [ 108.608709, -7.3668666 ] } },
{ "type": "Feature", "properties": { "id": 205, "kode_provinsi": 32, "nama_provinsi": "JAWA BARAT", "kode_kabupaten_kota": 3275, "nama_kabupaten_kota": "KOTA BEKASI", "nama_rs": "RSUD KOTA BEKASI", "alamat": "JL. PRAMUKA NO. 55", "desa_kelurahan": "MARGA JAYA", "kecamatan": "BEKASI SELATAN", "telp_ppk": "021-8841005", "latitude": -6.270428, "longitude": 107.004955, "tahun": 2022, "Cluster": 1 }, "geometry": { "type": "Point", "coordinates": [ 107.004955, -6.270428 ] } },
{ "type": "Feature", "properties": { "id": 206, "kode_provinsi": 32, "nama_provinsi": "JAWA BARAT", "kode_kabupaten_kota": 3275, "nama_kabupaten_kota": "KOTA BEKASI", "nama_rs": "RSUD PONDOK GEDE", "alamat": "JL. RAYA JATIWARINGIN NO.1, RT.001/RW.009, JATIWARINGIN, KEC. PD. GEDE, KOTA BKS, JAWA BARAT 17411", "desa_kelurahan": "JATIWARINGIN", "kecamatan": "PONDOK GEDE", "telp_ppk": "021-85516033", "latitude": -6.2828185, "longitude": 106.913621, "tahun": 2022, "Cluster": 1 }, "geometry": { "type": "Point", "coordinates": [ 106.913621, -6.2828185 ] } },
{ "type": "Feature", "properties": { "id": 207, "kode_provinsi": 32, "nama_provinsi": "JAWA BARAT", "kode_kabupaten_kota": 3275, "nama_kabupaten_kota": "KOTA BEKASI", "nama_rs": "RSUD JATISAMPURNA", "alamat": "L. RAYA KRANGGAN NO.26, RT.001/RW.004, JATISAMPURNA, KEC. JATISAMPURNA, KOTA BKS, JAWA BARAT 17433", "desa_kelurahan": "KRANGGAN", "kecamatan": "JATISAMPURNA", "telp_ppk": "021-22817282", "latitude": -6.3635511, "longitude": 106.92151, "tahun": 2022, "Cluster": 1 }, "geometry": { "type": "Point", "coordinates": [ 106.92151, -6.3635511 ] } },
{ "type": "Feature", "properties": { "id": 208, "kode_provinsi": 32, "nama_provinsi": "JAWA BARAT", "kode_kabupaten_kota": 3275, "nama_kabupaten_kota": "KOTA BEKASI", "nama_rs": "RSUD BANTARGEBANG", "alamat": "JL. SILIWANGI NO.KM. 10, RT.004/RW.001, BANTARGEBANG, KEC. BANTAR GEBANG, KOTA BKS, JAWA BARAT 17152", "desa_kelurahan": "BANTARGEBANG", "kecamatan": "BANTARGEBANG", "telp_ppk": "021-82637773", "latitude": -6.3146173, "longitude": 106.986518, "tahun": 2022, "Cluster": 1 }, "geometry": { "type": "Point", "coordinates": [ 106.986518, -6.3146173 ] } },
{ "type": "Feature", "properties": { "id": 209, "kode_provinsi": 32, "nama_provinsi": "JAWA BARAT", "kode_kabupaten_kota": 3275, "nama_kabupaten_kota": "KOTA BEKASI", "nama_rs": "RSUD TELUK PUCUNG", "alamat": "JL. LKR. UTARA, RT.002/RW.006, TLK. PUCUNG, KEC. BEKASI UTARA, KOTA BKS, JAWA BARAT 17121", "desa_kelurahan": "TELUK PUCUNG", "kecamatan": "BEKASI UTARA", "telp_ppk": "021-38312012", "latitude": -6.2102844, "longitude": 107.027722, "tahun": 2022, "Cluster": 1 }, "geometry": { "type": "Point", "coordinates": [ 107.027722, -6.2102844 ] } },
{ "type": "Feature", "properties": { "id": 210, "kode_provinsi": 32, "nama_provinsi": "JAWA BARAT", "kode_kabupaten_kota": 3271, "nama_kabupaten_kota": "KOTA BOGOR", "nama_rs": "RSUD KOTA BOGOR", "alamat": "JL. DOKTOR SUMERU NO 120 BOGOR", "desa_kelurahan": "MENTENG", "kecamatan": "BOGOR BARAT", "telp_ppk": "0251-8312292", "latitude": -6.58041, "longitude": 106.778, "tahun": 2022, "Cluster": 5 }, "geometry": { "type": "Point", "coordinates": [ 106.778, -6.58041 ] } },
{ "type": "Feature", "properties": { "id": 211, "kode_provinsi": 32, "nama_provinsi": "JAWA BARAT", "kode_kabupaten_kota": 3277, "nama_kabupaten_kota": "KOTA CIMAHI", "nama_rs": "RSUD CIBABAT", "alamat": "JL. RAYA CIBABAT NO 140 CIMAHI", "desa_kelurahan": "CIBABAT", "kecamatan": "CIMAHI UTARA", "telp_ppk": "022-6652025", "latitude": -6.87924083, "longitude": 107.550775, "tahun": 2022, "Cluster": 0 }, "geometry": { "type": "Point", "coordinates": [ 107.550775, -6.87924083 ] } },
{ "type": "Feature", "properties": { "id": 212, "kode_provinsi": 32, "nama_provinsi": "JAWA BARAT", "kode_kabupaten_kota": 3274, "nama_kabupaten_kota": "KOTA CIREBON", "nama_rs": "RSUD GUNUNG JATI", "alamat": "JL. KESAMBI NO 56", "desa_kelurahan": "DRAJAT", "kecamatan": "KESAMBI", "telp_ppk": "0231-20633", "latitude": -6.73077263, "longitude": 108.555372, "tahun": 2022, "Cluster": 3 }, "geometry": { "type": "Point", "coordinates": [ 108.555372, -6.73077263 ] } },
{ "type": "Feature", "properties": { "id": 213, "kode_provinsi": 32, "nama_provinsi": "JAWA BARAT", "kode_kabupaten_kota": 3276, "nama_kabupaten_kota": "KOTA DEPOK", "nama_rs": "RSUD KOTA DEPOK", "alamat": "JL. RAYA MUCHTAR NO.99, SAWANGAN LAMA, KEC. SAWANGAN, KOTA DEPOK, JAWA BARAT 16511", "desa_kelurahan": "SAWANGAN LAMA", "kecamatan": "SAWANGAN", "telp_ppk": "0251-8602514", "latitude": -6.395751, "longitude": 106.759009, "tahun": 2022, "Cluster": 5 }, "geometry": { "type": "Point", "coordinates": [ 106.759009, -6.395751 ] } },
{ "type": "Feature", "properties": { "id": 214, "kode_provinsi": 32, "nama_provinsi": "JAWA BARAT", "kode_kabupaten_kota": 3272, "nama_kabupaten_kota": "KOTA SUKABUMI", "nama_rs": "RSUD R. SAMSUDIN SH", "alamat": "JL. RUMAH SAKIT NO.1", "desa_kelurahan": "CIKOLE", "kecamatan": "CIKOLE", "telp_ppk": "0266-225180", "latitude": -6.914882, "longitude": 106.934792, "tahun": 2022, "Cluster": 1 }, "geometry": { "type": "Point", "coordinates": [ 106.934792, -6.914882 ] } },
{ "type": "Feature", "properties": { "id": 215, "kode_provinsi": 32, "nama_provinsi": "JAWA BARAT", "kode_kabupaten_kota": 3272, "nama_kabupaten_kota": "KOTA SUKABUMI", "nama_rs": "RSUD AL MULK", "alamat": "JL. PELABUHAN II KM 6", "desa_kelurahan": "LEMBURSITU", "kecamatan": "LEMBURSITU", "telp_ppk": "0266-6243088", "latitude": -6.958535, "longitude": 106.897496, "tahun": 2022, "Cluster": 1 }, "geometry": { "type": "Point", "coordinates": [ 106.897496, -6.958535 ] } },
{ "type": "Feature", "properties": { "id": 216, "kode_provinsi": 32, "nama_provinsi": "JAWA BARAT", "kode_kabupaten_kota": 3278, "nama_kabupaten_kota": "KOTA TASIKMALAYA", "nama_rs": "RSUD DR. SOEKARDJO", "alamat": "JL. RUMAH SAKIT NO.33", "desa_kelurahan": "EMPANGSARI", "kecamatan": "TAWANG", "telp_ppk": "0265-331680", "latitude": -7.33234718, "longitude": 108.22529, "tahun": 2022, "Cluster": 3 }, "geometry": { "type": "Point", "coordinates": [ 108.22529, -7.33234718 ] } },
{ "type": "Feature", "properties": { "id": 217, "kode_provinsi": 32, "nama_provinsi": "JAWA BARAT", "kode_kabupaten_kota": 3204, "nama_kabupaten_kota": "KABUPATEN BANDUNG", "nama_rs": "RSUD CICALENGKA", "alamat": "JL. H. DARHAM CIKOPO NO.35, TENJOLAYA, KEC. CICALENGKA, BANDUNG, JAWA BARAT 40395", "desa_kelurahan": "TENJOLAYA", "kecamatan": "CICALENGKA", "telp_ppk": "022-7952202", "latitude": -6.98233728, "longitude": 107.842052, "tahun": 2023, "Cluster": 0 }, "geometry": { "type": "Point", "coordinates": [ 107.842052, -6.98233728 ] } },
{ "type": "Feature", "properties": { "id": 218, "kode_provinsi": 32, "nama_provinsi": "JAWA BARAT", "kode_kabupaten_kota": 3204, "nama_kabupaten_kota": "KABUPATEN BANDUNG", "nama_rs": "RSUD AL IHSAN", "alamat": "JL. KI ASTRAMANGGALA, BALEENDAH, KEC. BALEENDAH, BANDUNG, JAWA BARAT 40381, INDONESIA", "desa_kelurahan": "BALEENDAH", "kecamatan": "BALEENDAH", "telp_ppk": "022-5940872", "latitude": -7.00770719, "longitude": 107.624064, "tahun": 2023, "Cluster": 0 }, "geometry": { "type": "Point", "coordinates": [ 107.624064, -7.00770719 ] } },
{ "type": "Feature", "properties": { "id": 219, "kode_provinsi": 32, "nama_provinsi": "JAWA BARAT", "kode_kabupaten_kota": 3204, "nama_kabupaten_kota": "KABUPATEN BANDUNG", "nama_rs": "RSUD MAJALAYA", "alamat": "JL. CIPAKU NO.87, CIPAKU, KEC. PASEH, BANDUNG, JAWA BARAT 40383, INDONESIA", "desa_kelurahan": "CIPAKU", "kecamatan": "PASEH", "telp_ppk": "022-5950035", "latitude": -7.04929, "longitude": 107.772, "tahun": 2023, "Cluster": 0 }, "geometry": { "type": "Point", "coordinates": [ 107.772, -7.04929 ] } },
{ "type": "Feature", "properties": { "id": 220, "kode_provinsi": 32, "nama_provinsi": "JAWA BARAT", "kode_kabupaten_kota": 3204, "nama_kabupaten_kota": "KABUPATEN BANDUNG", "nama_rs": "RSUD SOREANG", "alamat": "JL. ALUN-ALUN UTARA NO.1, PAMEKARAN, KEC. SOREANG, BANDUNG, JAWA BARAT 40912, INDONESIA", "desa_kelurahan": "PAMEKARAN", "kecamatan": "SOREANG", "telp_ppk": "022-5891355", "latitude": -7.03, "longitude": 108.0, "tahun": 2023, "Cluster": 0 }, "geometry": { "type": "Point", "coordinates": [ 108.0, -7.03 ] } },
{ "type": "Feature", "properties": { "id": 221, "kode_provinsi": 32, "nama_provinsi": "JAWA BARAT", "kode_kabupaten_kota": 3204, "nama_kabupaten_kota": "KABUPATEN BANDUNG", "nama_rs": "RSUD KESEHATAN KERJA", "alamat": "JL. RANCAEKEK NO.KM.27, RW.NO.612, NANJUNGMEKAR, KEC. RANCAEKEK, KABUPATEN BANDUNG, JAWA BARAT 40394", "desa_kelurahan": "NANJUNGMEKAR", "kecamatan": "RANCAEKEK", "telp_ppk": "022-7798778", "latitude": -6.967451, "longitude": 107.826241, "tahun": 2023, "Cluster": 0 }, "geometry": { "type": "Point", "coordinates": [ 107.826241, -6.967451 ] } },
{ "type": "Feature", "properties": { "id": 222, "kode_provinsi": 32, "nama_provinsi": "JAWA BARAT", "kode_kabupaten_kota": 3217, "nama_kabupaten_kota": "KABUPATEN BANDUNG BARAT", "nama_rs": "RSUD CIKALONG WETAN", "alamat": "JL. CIKALONG NO.290, CIPTAGUMATI, KEC. CIKALONG WETAN, KABUPATEN BANDUNG BARAT, JAWA BARAT 40556, INDONESIA", "desa_kelurahan": "CIPTAMUGATI", "kecamatan": "CIKALONG WETAN", "telp_ppk": "022-86866016", "latitude": -6.74374444, "longitude": 107.444976, "tahun": 2023, "Cluster": 0 }, "geometry": { "type": "Point", "coordinates": [ 107.444976, -6.74374444 ] } },
{ "type": "Feature", "properties": { "id": 223, "kode_provinsi": 32, "nama_provinsi": "JAWA BARAT", "kode_kabupaten_kota": 3217, "nama_kabupaten_kota": "KABUPATEN BANDUNG BARAT", "nama_rs": "RSUD LEMBANG", "alamat": "JL. RAYA LEMBANG KM 11,4 NO. 11, GUDANGKAHURIPAN, LEMBANG, GUDANGKAHURIPAN, LEMBANG, KABUPATEN BANDUNG BARAT, JAWA BARAT 40391, INDONESIA", "desa_kelurahan": "GUDANGKAAHURIPAN", "kecamatan": "LEMBANG", "telp_ppk": "022-2786879", "latitude": -6.83820952, "longitude": 107.598325, "tahun": 2023, "Cluster": 0 }, "geometry": { "type": "Point", "coordinates": [ 107.598325, -6.83820952 ] } },
{ "type": "Feature", "properties": { "id": 224, "kode_provinsi": 32, "nama_provinsi": "JAWA BARAT", "kode_kabupaten_kota": 3217, "nama_kabupaten_kota": "KABUPATEN BANDUNG BARAT", "nama_rs": "RSJ PROVINSI JAWA BARAT", "alamat": "JL. KOLONEL MASTURI NO.KM.7, JAMBUDIPA, KEC. CISARUA, KABUPATEN BANDUNG BARAT, JAWA BARAT, INDONESIA", "desa_kelurahan": "JAMBUDIPA", "kecamatan": "CISARUA", "telp_ppk": "022-2700260", "latitude": -6.80901504, "longitude": 107.563111, "tahun": 2023, "Cluster": 0 }, "geometry": { "type": "Point", "coordinates": [ 107.563111, -6.80901504 ] } },
{ "type": "Feature", "properties": { "id": 225, "kode_provinsi": 32, "nama_provinsi": "JAWA BARAT", "kode_kabupaten_kota": 3217, "nama_kabupaten_kota": "KABUPATEN BANDUNG BARAT", "nama_rs": "RSUD CILILIN", "alamat": "JL. CINTAKARYA, CILILIN, KABUPATEN BANDUNG BARAT, JAWA BARAT 40562, INDONESIA", "desa_kelurahan": "CINTAKARYA", "kecamatan": "CILILIN", "telp_ppk": "022-6941600", "latitude": -6.94353815, "longitude": 107.459616, "tahun": 2023, "Cluster": 0 }, "geometry": { "type": "Point", "coordinates": [ 107.459616, -6.94353815 ] } },
{ "type": "Feature", "properties": { "id": 226, "kode_provinsi": 32, "nama_provinsi": "JAWA BARAT", "kode_kabupaten_kota": 3216, "nama_kabupaten_kota": "KABUPATEN BEKASI", "nama_rs": "RSUD KABUPATEN BEKASI", "alamat": "JL. RAYA TEUKU UMAR NO.202, WANASARI, KEC. CIBITUNG, BEKASI, JAWA BARAT 17520, INDONESIA", "desa_kelurahan": "WANASARI", "kecamatan": "CIBITUNG", "telp_ppk": "021-88374444", "latitude": -6.27, "longitude": 107.0, "tahun": 2023, "Cluster": 1 }, "geometry": { "type": "Point", "coordinates": [ 107.0, -6.27 ] } },
{ "type": "Feature", "properties": { "id": 227, "kode_provinsi": 32, "nama_provinsi": "JAWA BARAT", "kode_kabupaten_kota": 3216, "nama_kabupaten_kota": "KABUPATEN BEKASI", "nama_rs": "RSUD CABANGBUNGIN", "alamat": "DESA JAYALAKSANA KECAMATAN CABANG BUNGIN KABUPATEN BEKASI", "desa_kelurahan": "JAYALAKSANA", "kecamatan": "CABANGBUNGIN", "telp_ppk": "0857-1767-8889", "latitude": -6.1, "longitude": 107.0, "tahun": 2023, "Cluster": 1 }, "geometry": { "type": "Point", "coordinates": [ 107.0, -6.1 ] } },
{ "type": "Feature", "properties": { "id": 228, "kode_provinsi": 32, "nama_provinsi": "JAWA BARAT", "kode_kabupaten_kota": 3201, "nama_kabupaten_kota": "KABUPATEN BOGOR", "nama_rs": "RSUD LEUWILIANG", "alamat": "JL. RAYA CIBEBER - LEUWILIANG BOGOR", "desa_kelurahan": "CIBEBER", "kecamatan": "LEUWILIANG", "telp_ppk": "0251-8643290", "latitude": -6.57, "longitude": 107.0, "tahun": 2023, "Cluster": 1 }, "geometry": { "type": "Point", "coordinates": [ 107.0, -6.57 ] } },
{ "type": "Feature", "properties": { "id": 229, "kode_provinsi": 32, "nama_provinsi": "JAWA BARAT", "kode_kabupaten_kota": 3201, "nama_kabupaten_kota": "KABUPATEN BOGOR", "nama_rs": "RSUD CIBINONG", "alamat": "JL. KSR DADI KUSMAYADI NO. 27 CIBINONG BOGOR", "desa_kelurahan": "TENGAH", "kecamatan": "CIBINONG", "telp_ppk": "021-8753487", "latitude": -6.47, "longitude": 107.0, "tahun": 2023, "Cluster": 1 }, "geometry": { "type": "Point", "coordinates": [ 107.0, -6.47 ] } },
{ "type": "Feature", "properties": { "id": 230, "kode_provinsi": 32, "nama_provinsi": "JAWA BARAT", "kode_kabupaten_kota": 3201, "nama_kabupaten_kota": "KABUPATEN BOGOR", "nama_rs": "RSUD CIAWI", "alamat": "JL. RAYA PUNCAK 479 CIAWI BOGOR", "desa_kelurahan": "BENDUNGAN", "kecamatan": "CIAWI", "telp_ppk": "0518-240736", "latitude": -6.66, "longitude": 107.0, "tahun": 2023, "Cluster": 1 }, "geometry": { "type": "Point", "coordinates": [ 107.0, -6.66 ] } },
{ "type": "Feature", "properties": { "id": 231, "kode_provinsi": 32, "nama_provinsi": "JAWA BARAT", "kode_kabupaten_kota": 3201, "nama_kabupaten_kota": "KABUPATEN BOGOR", "nama_rs": "RS UMUM DR MUHAMAD HASSAN TOTO", "alamat": "JL. SARDJIO NO. 1, SEMPLAK KEC. KEMANG", "desa_kelurahan": "ATANG SENJAYA", "kecamatan": "KEMANG", "telp_ppk": "0251-7535976", "latitude": -6.5, "longitude": 107.0, "tahun": 2023, "Cluster": 1 }, "geometry": { "type": "Point", "coordinates": [ 107.0, -6.5 ] } },
{ "type": "Feature", "properties": { "id": 232, "kode_provinsi": 32, "nama_provinsi": "JAWA BARAT", "kode_kabupaten_kota": 3201, "nama_kabupaten_kota": "KABUPATEN BOGOR", "nama_rs": "RSUD CILEUNGSI", "alamat": "JL. RAYA CILEUNGSI-JONGGOL KM.10 CILEUNGSI KABUPATEN BOGOR", "desa_kelurahan": "CIPEUCANG", "kecamatan": "CILEUNGSI", "telp_ppk": "021-89934667", "latitude": -6.43, "longitude": 107.0, "tahun": 2023, "Cluster": 1 }, "geometry": { "type": "Point", "coordinates": [ 107.0, -6.43 ] } },
{ "type": "Feature", "properties": { "id": 233, "kode_provinsi": 32, "nama_provinsi": "JAWA BARAT", "kode_kabupaten_kota": 3207, "nama_kabupaten_kota": "KABUPATEN CIAMIS", "nama_rs": "RSUD CIAMIS", "alamat": "JL. RUMAH SAKIT NO.76, CIAMIS,", "desa_kelurahan": "CIAMIS", "kecamatan": "CIAMIS", "telp_ppk": "0265-771018", "latitude": -7.34, "longitude": 108.0, "tahun": 2023, "Cluster": 0 }, "geometry": { "type": "Point", "coordinates": [ 108.0, -7.34 ] } },
{ "type": "Feature", "properties": { "id": 234, "kode_provinsi": 32, "nama_provinsi": "JAWA BARAT", "kode_kabupaten_kota": 3207, "nama_kabupaten_kota": "KABUPATEN CIAMIS", "nama_rs": "RSUD KAWALI", "alamat": "Jl. Raya Kawali-Cirebon No.37, Winduraja, Kec. Kawali, Kabupaten Ciamis, Jawa Barat 46253", "desa_kelurahan": "WINDURAJA", "kecamatan": "KAWALI", "telp_ppk": "0265-7511923", "latitude": -7.1720345, "longitude": 108.368269, "tahun": 2023, "Cluster": 3 }, "geometry": { "type": "Point", "coordinates": [ 108.368269, -7.1720345 ] } },
{ "type": "Feature", "properties": { "id": 235, "kode_provinsi": 32, "nama_provinsi": "JAWA BARAT", "kode_kabupaten_kota": 3203, "nama_kabupaten_kota": "KABUPATEN CIANJUR", "nama_rs": "RSUD CIMACAN", "alamat": "JL. RAYA CIMACAN NO.17A, PALASARI, KEC. CIPANAS, KABUPATEN CIANJUR, JAWA BARAT 43253", "desa_kelurahan": "PALASARI", "kecamatan": "CIPANAS", "telp_ppk": "0263-512465", "latitude": -6.72033255, "longitude": 107.032537, "tahun": 2023, "Cluster": 1 }, "geometry": { "type": "Point", "coordinates": [ 107.032537, -6.72033255 ] } },
{ "type": "Feature", "properties": { "id": 236, "kode_provinsi": 32, "nama_provinsi": "JAWA BARAT", "kode_kabupaten_kota": 3203, "nama_kabupaten_kota": "KABUPATEN CIANJUR", "nama_rs": "RSUD SAYANG KAB CIANJUR", "alamat": "JL. RUMAH SAKIT NO.1, BOJONGHERANG, KEC. CIANJUR, KABUPATEN CIANJUR, JAWA BARAT 43216", "desa_kelurahan": "BOJONGHERANG", "kecamatan": "CIANJUR", "telp_ppk": "0263-261026", "latitude": -6.810525, "longitude": 107.141066, "tahun": 2023, "Cluster": 2 }, "geometry": { "type": "Point", "coordinates": [ 107.141066, -6.810525 ] } },
{ "type": "Feature", "properties": { "id": 237, "kode_provinsi": 32, "nama_provinsi": "JAWA BARAT", "kode_kabupaten_kota": 3203, "nama_kabupaten_kota": "KABUPATEN CIANJUR", "nama_rs": "RSUD PAGELARAN", "alamat": "JL. RAYA PAGELARAN NO 18 DESA PAGELARAN KEC. PAGELARAN KABUPATEN CIANJUR 43266", "desa_kelurahan": "DESA PAGELARAN", "kecamatan": "PAGELARAN", "telp_ppk": "0263--2361093", "latitude": -7.21435837, "longitude": 107.139431, "tahun": 2023, "Cluster": 2 }, "geometry": { "type": "Point", "coordinates": [ 107.139431, -7.21435837 ] } },
{ "type": "Feature", "properties": { "id": 238, "kode_provinsi": 32, "nama_provinsi": "JAWA BARAT", "kode_kabupaten_kota": 3209, "nama_kabupaten_kota": "KABUPATEN CIREBON", "nama_rs": "RSUD WALED", "alamat": "JL. PRABU KIANSANTANG NO.4, WALED KOTA, WALED, CIREBON, JAWA BARAT 45187", "desa_kelurahan": "WALED KOTA", "kecamatan": "WALED", "telp_ppk": "0231-661126", "latitude": -6.91304, "longitude": 108.719, "tahun": 2023, "Cluster": 3 }, "geometry": { "type": "Point", "coordinates": [ 108.719, -6.91304 ] } },
{ "type": "Feature", "properties": { "id": 239, "kode_provinsi": 32, "nama_provinsi": "JAWA BARAT", "kode_kabupaten_kota": 3209, "nama_kabupaten_kota": "KABUPATEN CIREBON", "nama_rs": "RS PARU PROVINSI JAWA BARAT", "alamat": "JL. PANGERAN KEJAKSAN PO.BOX 4 DESA SIDAWANGI, KECAMATAN SUMBER KABUPATEN CIREBON", "desa_kelurahan": "SIDAWANGI", "kecamatan": "SUMBER", "telp_ppk": "0231--8330707", "latitude": -6.797155, "longitude": 108.475501, "tahun": 2023, "Cluster": 3 }, "geometry": { "type": "Point", "coordinates": [ 108.475501, -6.797155 ] } },
{ "type": "Feature", "properties": { "id": 240, "kode_provinsi": 32, "nama_provinsi": "JAWA BARAT", "kode_kabupaten_kota": 3209, "nama_kabupaten_kota": "KABUPATEN CIREBON", "nama_rs": "RSUD RJAWINANGUN", "alamat": "JL. BY PASS PALIMANAN JAKARTA KM. 2 NO. 1, KEBONTURI, KEC. ARJAWINANGUN, KABUPATEN CIREBON, JAWA BARAT 45162", "desa_kelurahan": "KEBONTURI", "kecamatan": "ARJAWINANGUN", "telp_ppk": "0231-358335", "latitude": -6.6565688, "longitude": 108.412696, "tahun": 2023, "Cluster": 3 }, "geometry": { "type": "Point", "coordinates": [ 108.412696, -6.6565688 ] } },
{ "type": "Feature", "properties": { "id": 241, "kode_provinsi": 32, "nama_provinsi": "JAWA BARAT", "kode_kabupaten_kota": 3205, "nama_kabupaten_kota": "KABUPATEN GARUT", "nama_rs": "RSUD PAMEUNGPEUK", "alamat": "JL. MIRAMAREU NO.99, SIRNABAKTI, PAMEUNGPEUK, KABUPATEN GARUT, JAWA BARAT 44175", "desa_kelurahan": "SIRNABAKTI", "kecamatan": "PAMEUNGPEUK", "telp_ppk": "0262-2816017", "latitude": -7.22540946, "longitude": 107.911241, "tahun": 2023, "Cluster": 0 }, "geometry": { "type": "Point", "coordinates": [ 107.911241, -7.22540946 ] } },
{ "type": "Feature", "properties": { "id": 242, "kode_provinsi": 32, "nama_provinsi": "JAWA BARAT", "kode_kabupaten_kota": 3205, "nama_kabupaten_kota": "KABUPATEN GARUT", "nama_rs": "RSUD DR SLAMET GARUT", "alamat": "JL. RSU DR. SLAMET NO.12, SUKAKARYA, KEC. TAROGONG KIDUL, KABUPATEN GARUT, JAWA BARAT 44151", "desa_kelurahan": "SUKAKARYA", "kecamatan": "TAROGONG KIDUL", "telp_ppk": "0262-232720", "latitude": -7.213105, "longitude": 107.920109, "tahun": 2023, "Cluster": 0 }, "geometry": { "type": "Point", "coordinates": [ 107.920109, -7.213105 ] } },
{ "type": "Feature", "properties": { "id": 243, "kode_provinsi": 32, "nama_provinsi": "JAWA BARAT", "kode_kabupaten_kota": 3212, "nama_kabupaten_kota": "KABUPATEN INDRAMAYU", "nama_rs": "RSUD INDRAMAYU", "alamat": "JL. MURAHNARA NO.7, SINDANG, KABUPATEN INDRAMAYU, JAWA BARAT 45222", "desa_kelurahan": "SINDANG", "kecamatan": "INDRAMAYU", "telp_ppk": "0234-023427265", "latitude": -6.33021, "longitude": 108.32, "tahun": 2023, "Cluster": 3 }, "geometry": { "type": "Point", "coordinates": [ 108.32, -6.33021 ] } },
{ "type": "Feature", "properties": { "id": 244, "kode_provinsi": 32, "nama_provinsi": "JAWA BARAT", "kode_kabupaten_kota": 3212, "nama_kabupaten_kota": "KABUPATEN INDRAMAYU", "nama_rs": "RSUD PANTURA MA SENTOT PATROL", "alamat": "JL. RAYA PATROL NO.KM.46, PATROL LOR, KEC. PATROL, KABUPATEN INDRAMAYU, JAWA BARAT 45257", "desa_kelurahan": "PATROL LOR", "kecamatan": "PATROL", "telp_ppk": "0234-612715", "latitude": -6.31432086, "longitude": 107.998717, "tahun": 2023, "Cluster": 0 }, "geometry": { "type": "Point", "coordinates": [ 107.998717, -6.31432086 ] } },
{ "type": "Feature", "properties": { "id": 245, "kode_provinsi": 32, "nama_provinsi": "JAWA BARAT", "kode_kabupaten_kota": 3212, "nama_kabupaten_kota": "KABUPATEN INDRAMAYU", "nama_rs": "RSUD M URSID IBNU SYAFIUDDIN", "alamat": "Krangkeng, Kec. Krangkeng, Kabupaten Indramayu, Jawa Barat 45284", "desa_kelurahan": "KRANGKENG", "kecamatan": "KRANGKENG", "telp_ppk": "0", "latitude": -6.495347, "longitude": 108.474553, "tahun": 2023, "Cluster": 3 }, "geometry": { "type": "Point", "coordinates": [ 108.474553, -6.495347 ] } },
{ "type": "Feature", "properties": { "id": 246, "kode_provinsi": 32, "nama_provinsi": "JAWA BARAT", "kode_kabupaten_kota": 3215, "nama_kabupaten_kota": "KABUPATEN KARAWANG", "nama_rs": "RSUD KARAWANG", "alamat": "JL. GALUH MAS RAYA NO.1, SUKAHARJA, KEC. TELUKJAMBE TIM., KABUPATEN KARAWANG, JAWA BARAT 41361", "desa_kelurahan": "SUKAHARJA", "kecamatan": "TELUKJAMBE TIMUR", "telp_ppk": "0267-640444", "latitude": -6.320752, "longitude": 107.293131, "tahun": 2023, "Cluster": 4 }, "geometry": { "type": "Point", "coordinates": [ 107.293131, -6.320752 ] } },
{ "type": "Feature", "properties": { "id": 247, "kode_provinsi": 32, "nama_provinsi": "JAWA BARAT", "kode_kabupaten_kota": 3208, "nama_kabupaten_kota": "KABUPATEN KUNINGAN", "nama_rs": "RSUD LINGGARJATI", "alamat": "JL. RAYA BANDORASA WETAN NO.36", "desa_kelurahan": "BANDORASA WETAN", "kecamatan": "CILIMUS", "telp_ppk": "0232-614885", "latitude": -6.885481, "longitude": 108.493841, "tahun": 2023, "Cluster": 3 }, "geometry": { "type": "Point", "coordinates": [ 108.493841, -6.885481 ] } },
{ "type": "Feature", "properties": { "id": 248, "kode_provinsi": 32, "nama_provinsi": "JAWA BARAT", "kode_kabupaten_kota": 3208, "nama_kabupaten_kota": "KABUPATEN KUNINGAN", "nama_rs": "RSUD 45 KUNINGAN", "alamat": "JL .JEND SUDIRMAN NO. 68", "desa_kelurahan": "KUNINGAN", "kecamatan": "KUNINGAN", "telp_ppk": "0232-023287188", "latitude": -6.984283, "longitude": 108.481617, "tahun": 2023, "Cluster": 3 }, "geometry": { "type": "Point", "coordinates": [ 108.481617, -6.984283 ] } },
{ "type": "Feature", "properties": { "id": 249, "kode_provinsi": 32, "nama_provinsi": "JAWA BARAT", "kode_kabupaten_kota": 3210, "nama_kabupaten_kota": "KABUPATEN MAJALENGKA", "nama_rs": "RSUD CIDERES", "alamat": "JL. RAYA CIDERES - KADIPATEN NO 180", "desa_kelurahan": "BOJONGCIDERES", "kecamatan": "DAWUAN", "telp_ppk": "0233-023366100", "latitude": -6.760698, "longitude": 108.195011, "tahun": 2023, "Cluster": 3 }, "geometry": { "type": "Point", "coordinates": [ 108.195011, -6.760698 ] } },
{ "type": "Feature", "properties": { "id": 250, "kode_provinsi": 32, "nama_provinsi": "JAWA BARAT", "kode_kabupaten_kota": 3210, "nama_kabupaten_kota": "KABUPATEN MAJALENGKA", "nama_rs": "RSUD KABUPATEN MAJALENGKA", "alamat": "JL. KESEHATAN NO. 77 MAJALENGKA", "desa_kelurahan": "MAJALENGKA WETAN", "kecamatan": "MAJALENGKA", "telp_ppk": "0233-281189", "latitude": -6.833815, "longitude": 108.233428, "tahun": 2023, "Cluster": 3 }, "geometry": { "type": "Point", "coordinates": [ 108.233428, -6.833815 ] } },
{ "type": "Feature", "properties": { "id": 251, "kode_provinsi": 32, "nama_provinsi": "JAWA BARAT", "kode_kabupaten_kota": 3218, "nama_kabupaten_kota": "KABUPATEN PANGANDARAN", "nama_rs": "RSUD KABUPATEN PANGANDARAN", "alamat": "JL. PANANJUNG NO.412", "desa_kelurahan": "PANANJUNG", "kecamatan": "PANGANDARAN", "telp_ppk": "0", "latitude": -7.681342, "longitude": 108.647689, "tahun": 2023, "Cluster": 3 }, "geometry": { "type": "Point", "coordinates": [ 108.647689, -7.681342 ] } },
{ "type": "Feature", "properties": { "id": 252, "kode_provinsi": 32, "nama_provinsi": "JAWA BARAT", "kode_kabupaten_kota": 3214, "nama_kabupaten_kota": "KABUPATEN PURWAKARTA", "nama_rs": "RSUD BAYU ASIH", "alamat": "JL. VETERAN NO. 39", "desa_kelurahan": "NAGRI KALER", "kecamatan": " PURWAKARTA", "telp_ppk": "0264-200100", "latitude": -65381349.0, "longitude": 107.443049, "tahun": 2023, "Cluster": -1 }, "geometry": { "type": "Point", "coordinates": [ 107.443049, -65381349.0 ] } },
{ "type": "Feature", "properties": { "id": 253, "kode_provinsi": 32, "nama_provinsi": "JAWA BARAT", "kode_kabupaten_kota": 3213, "nama_kabupaten_kota": "KABUPATEN SUBANG", "nama_rs": "RSUD KAB SUBANG", "alamat": "JL. BRIGJEN KATAMSO NO.37", "desa_kelurahan": " DANGDEUR", "kecamatan": "SUBANG", "telp_ppk": "0260-417442", "latitude": -6.558127, "longitude": 107.747054, "tahun": 2023, "Cluster": 0 }, "geometry": { "type": "Point", "coordinates": [ 107.747054, -6.558127 ] } },
{ "type": "Feature", "properties": { "id": 254, "kode_provinsi": 32, "nama_provinsi": "JAWA BARAT", "kode_kabupaten_kota": 3202, "nama_kabupaten_kota": "KABUPATEN SUKABUMI", "nama_rs": "RSUD SEKARWANGI", "alamat": "JL. SILIWANGI 49 CIBADAK", "desa_kelurahan": "CIBADAK", "kecamatan": "CIBADAK", "telp_ppk": "0266-531261", "latitude": -6.89662, "longitude": 106.793175, "tahun": 2023, "Cluster": 5 }, "geometry": { "type": "Point", "coordinates": [ 106.793175, -6.89662 ] } },
{ "type": "Feature", "properties": { "id": 255, "kode_provinsi": 32, "nama_provinsi": "JAWA BARAT", "kode_kabupaten_kota": 3202, "nama_kabupaten_kota": "KABUPATEN SUKABUMI", "nama_rs": "RSUD JAMPANG KULON", "alamat": "JL. CIBARUSAH NO. 1", "desa_kelurahan": " TANJUNG", "kecamatan": "JAMPANG KULON", "telp_ppk": "0266-490009", "latitude": -7.252668, "longitude": 106.625497, "tahun": 2023, "Cluster": 6 }, "geometry": { "type": "Point", "coordinates": [ 106.625497, -7.252668 ] } },
{ "type": "Feature", "properties": { "id": 256, "kode_provinsi": 32, "nama_provinsi": "JAWA BARAT", "kode_kabupaten_kota": 3202, "nama_kabupaten_kota": "KABUPATEN SUKABUMI", "nama_rs": "RSUD PALABUHANRATU", "alamat": "JL. AHMAD YANI NO.2", "desa_kelurahan": "CITEPUS", "kecamatan": "PALABUHANRATU", "telp_ppk": "0266-432081", "latitude": -6.98904, "longitude": 106.557929, "tahun": 2023, "Cluster": 6 }, "geometry": { "type": "Point", "coordinates": [ 106.557929, -6.98904 ] } },
{ "type": "Feature", "properties": { "id": 257, "kode_provinsi": 32, "nama_provinsi": "JAWA BARAT", "kode_kabupaten_kota": 3211, "nama_kabupaten_kota": "KABUPATEN SUMEDANG", "nama_rs": "RSUD SUMEDANG", "alamat": "JL. PALASARI NO. 80", "desa_kelurahan": "KOTAKULON", "kecamatan": "SUMEDANG SELATAN", "telp_ppk": "0261-201021", "latitude": -6.857049, "longitude": 107.920718, "tahun": 2023, "Cluster": 0 }, "geometry": { "type": "Point", "coordinates": [ 107.920718, -6.857049 ] } },
{ "type": "Feature", "properties": { "id": 258, "kode_provinsi": 32, "nama_provinsi": "JAWA BARAT", "kode_kabupaten_kota": 3206, "nama_kabupaten_kota": "KABUPATEN TASIKMALAYA", "nama_rs": "RSUD SINGAPARNA MEDIKA CITRAUTAMA (SMC)", "alamat": "JL. RAYA RANCAMAYA", "desa_kelurahan": "CIKUNTEN", "kecamatan": "SINGAPARNA", "telp_ppk": "0812-157-5782", "latitude": -7.358758, "longitude": 108.106736, "tahun": 2023, "Cluster": 3 }, "geometry": { "type": "Point", "coordinates": [ 108.106736, -7.358758 ] } },
{ "type": "Feature", "properties": { "id": 259, "kode_provinsi": 32, "nama_provinsi": "JAWA BARAT", "kode_kabupaten_kota": 3273, "nama_kabupaten_kota": "KOTA BANDUNG", "nama_rs": "RSU PUSAT DR. HASAN SADIKIN", "alamat": "JL. PASTEUR NO. 38", "desa_kelurahan": "PASTEUR", "kecamatan": "SUKAJADI", "telp_ppk": "022-2034954", "latitude": -6.90017, "longitude": 107.600984, "tahun": 2023, "Cluster": 0 }, "geometry": { "type": "Point", "coordinates": [ 107.600984, -6.90017 ] } },
{ "type": "Feature", "properties": { "id": 260, "kode_provinsi": 32, "nama_provinsi": "JAWA BARAT", "kode_kabupaten_kota": 3273, "nama_kabupaten_kota": "KOTA BANDUNG", "nama_rs": "RSUD KOTA BANDUNG", "alamat": "JL. RUMAH SAKIT NO. 22 UJUNG BERUNG", "desa_kelurahan": "PAKEMITAN", "kecamatan": "CINAMBO", "telp_ppk": "022-7811794", "latitude": -6.91541, "longitude": 107.69934, "tahun": 2023, "Cluster": 0 }, "geometry": { "type": "Point", "coordinates": [ 107.69934, -6.91541 ] } },
{ "type": "Feature", "properties": { "id": 261, "kode_provinsi": 32, "nama_provinsi": "JAWA BARAT", "kode_kabupaten_kota": 3279, "nama_kabupaten_kota": "KOTA BANJAR", "nama_rs": "RSUD KOTA BANJAR", "alamat": "JL. RUMAH SAKIT UMUM NO. 5", "desa_kelurahan": "HEGARSARI", "kecamatan": "PATARUMAN", "telp_ppk": "0265-332314", "latitude": -7.368493, "longitude": 108.543096, "tahun": 2023, "Cluster": 3 }, "geometry": { "type": "Point", "coordinates": [ 108.543096, -7.368493 ] } },
{ "type": "Feature", "properties": { "id": 262, "kode_provinsi": 32, "nama_provinsi": "JAWA BARAT", "kode_kabupaten_kota": 3279, "nama_kabupaten_kota": "KOTA BANJAR", "nama_rs": "RSUD ASIH HUSADA LANGENSARI", "alamat": "JL. PAHLAWAN NO.25, MUKTISARI, KEC. LANGENSARI, KOTA BANJAR, JAWA BARAT 46343", "desa_kelurahan": "MUKTISARI", "kecamatan": "LANGENSARI", "telp_ppk": "0265-7484676", "latitude": -7.3668666, "longitude": 108.608709, "tahun": 2023, "Cluster": 3 }, "geometry": { "type": "Point", "coordinates": [ 108.608709, -7.3668666 ] } },
{ "type": "Feature", "properties": { "id": 263, "kode_provinsi": 32, "nama_provinsi": "JAWA BARAT", "kode_kabupaten_kota": 3275, "nama_kabupaten_kota": "KOTA BEKASI", "nama_rs": "RSUD KOTA BEKASI", "alamat": "JL. PRAMUKA NO. 55", "desa_kelurahan": "MARGA JAYA", "kecamatan": "BEKASI SELATAN", "telp_ppk": "021-8841005", "latitude": -6.270428, "longitude": 107.004955, "tahun": 2023, "Cluster": 1 }, "geometry": { "type": "Point", "coordinates": [ 107.004955, -6.270428 ] } },
{ "type": "Feature", "properties": { "id": 264, "kode_provinsi": 32, "nama_provinsi": "JAWA BARAT", "kode_kabupaten_kota": 3275, "nama_kabupaten_kota": "KOTA BEKASI", "nama_rs": "RSUD PONDOK GEDE", "alamat": "JL. RAYA JATIWARINGIN NO.1, RT.001/RW.009, JATIWARINGIN, KEC. PD. GEDE, KOTA BKS, JAWA BARAT 17411", "desa_kelurahan": "JATIWARINGIN", "kecamatan": "PONDOK GEDE", "telp_ppk": "021-85516033", "latitude": -6.2828185, "longitude": 106.913621, "tahun": 2023, "Cluster": 1 }, "geometry": { "type": "Point", "coordinates": [ 106.913621, -6.2828185 ] } },
{ "type": "Feature", "properties": { "id": 265, "kode_provinsi": 32, "nama_provinsi": "JAWA BARAT", "kode_kabupaten_kota": 3275, "nama_kabupaten_kota": "KOTA BEKASI", "nama_rs": "RSUD JATISAMPURNA", "alamat": "L. RAYA KRANGGAN NO.26, RT.001/RW.004, JATISAMPURNA, KEC. JATISAMPURNA, KOTA BKS, JAWA BARAT 17433", "desa_kelurahan": "KRANGGAN", "kecamatan": "JATISAMPURNA", "telp_ppk": "021-22817282", "latitude": -6.3635511, "longitude": 106.92151, "tahun": 2023, "Cluster": 1 }, "geometry": { "type": "Point", "coordinates": [ 106.92151, -6.3635511 ] } },
{ "type": "Feature", "properties": { "id": 266, "kode_provinsi": 32, "nama_provinsi": "JAWA BARAT", "kode_kabupaten_kota": 3275, "nama_kabupaten_kota": "KOTA BEKASI", "nama_rs": "RSUD BANTARGEBANG", "alamat": "JL. SILIWANGI NO.KM. 10, RT.004/RW.001, BANTARGEBANG, KEC. BANTAR GEBANG, KOTA BKS, JAWA BARAT 17152", "desa_kelurahan": "BANTARGEBANG", "kecamatan": "BANTARGEBANG", "telp_ppk": "021-82637773", "latitude": -6.3146173, "longitude": 106.986518, "tahun": 2023, "Cluster": 1 }, "geometry": { "type": "Point", "coordinates": [ 106.986518, -6.3146173 ] } },
{ "type": "Feature", "properties": { "id": 267, "kode_provinsi": 32, "nama_provinsi": "JAWA BARAT", "kode_kabupaten_kota": 3275, "nama_kabupaten_kota": "KOTA BEKASI", "nama_rs": "RSUD TELUK PUCUNG", "alamat": "JL. LKR. UTARA, RT.002/RW.006, TLK. PUCUNG, KEC. BEKASI UTARA, KOTA BKS, JAWA BARAT 17121", "desa_kelurahan": "TELUK PUCUNG", "kecamatan": "BEKASI UTARA", "telp_ppk": "021-38312012", "latitude": -6.2102844, "longitude": 107.027722, "tahun": 2023, "Cluster": 1 }, "geometry": { "type": "Point", "coordinates": [ 107.027722, -6.2102844 ] } },
{ "type": "Feature", "properties": { "id": 268, "kode_provinsi": 32, "nama_provinsi": "JAWA BARAT", "kode_kabupaten_kota": 3271, "nama_kabupaten_kota": "KOTA BOGOR", "nama_rs": "RSUD KOTA BOGOR", "alamat": "JL. DOKTOR SUMERU NO 120 BOGOR", "desa_kelurahan": "MENTENG", "kecamatan": "BOGOR BARAT", "telp_ppk": "0251-8312292", "latitude": -6.58041, "longitude": 106.778, "tahun": 2023, "Cluster": 5 }, "geometry": { "type": "Point", "coordinates": [ 106.778, -6.58041 ] } },
{ "type": "Feature", "properties": { "id": 269, "kode_provinsi": 32, "nama_provinsi": "JAWA BARAT", "kode_kabupaten_kota": 3277, "nama_kabupaten_kota": "KOTA CIMAHI", "nama_rs": "RSUD CIBABAT", "alamat": "JL. RAYA CIBABAT NO 140 CIMAHI", "desa_kelurahan": "CIBABAT", "kecamatan": "CIMAHI UTARA", "telp_ppk": "022-6652025", "latitude": -6.87924083, "longitude": 107.550775, "tahun": 2023, "Cluster": 0 }, "geometry": { "type": "Point", "coordinates": [ 107.550775, -6.87924083 ] } },
{ "type": "Feature", "properties": { "id": 270, "kode_provinsi": 32, "nama_provinsi": "JAWA BARAT", "kode_kabupaten_kota": 3274, "nama_kabupaten_kota": "KOTA CIREBON", "nama_rs": "RSUD GUNUNG JATI", "alamat": "JL. KESAMBI NO 56", "desa_kelurahan": "DRAJAT", "kecamatan": "KESAMBI", "telp_ppk": "0231-20633", "latitude": -6.73077263, "longitude": 108.555372, "tahun": 2023, "Cluster": 3 }, "geometry": { "type": "Point", "coordinates": [ 108.555372, -6.73077263 ] } },
{ "type": "Feature", "properties": { "id": 271, "kode_provinsi": 32, "nama_provinsi": "JAWA BARAT", "kode_kabupaten_kota": 3276, "nama_kabupaten_kota": "KOTA DEPOK", "nama_rs": "RSUD KOTA DEPOK", "alamat": "JL. RAYA MUCHTAR NO.99, SAWANGAN LAMA, KEC. SAWANGAN, KOTA DEPOK, JAWA BARAT 16511", "desa_kelurahan": "SAWANGAN LAMA", "kecamatan": "SAWANGAN", "telp_ppk": "0251-8602514", "latitude": -6.395751, "longitude": 106.759009, "tahun": 2023, "Cluster": 5 }, "geometry": { "type": "Point", "coordinates": [ 106.759009, -6.395751 ] } },
{ "type": "Feature", "properties": { "id": 272, "kode_provinsi": 32, "nama_provinsi": "JAWA BARAT", "kode_kabupaten_kota": 3272, "nama_kabupaten_kota": "KOTA SUKABUMI", "nama_rs": "RSUD R. SAMSUDIN SH", "alamat": "JL. RUMAH SAKIT NO.1", "desa_kelurahan": "CIKOLE", "kecamatan": "CIKOLE", "telp_ppk": "0266-225180", "latitude": -6.914882, "longitude": 106.934792, "tahun": 2023, "Cluster": 1 }, "geometry": { "type": "Point", "coordinates": [ 106.934792, -6.914882 ] } },
{ "type": "Feature", "properties": { "id": 273, "kode_provinsi": 32, "nama_provinsi": "JAWA BARAT", "kode_kabupaten_kota": 3272, "nama_kabupaten_kota": "KOTA SUKABUMI", "nama_rs": "RSUD AL MULK", "alamat": "JL. PELABUHAN II KM 6", "desa_kelurahan": "LEMBURSITU", "kecamatan": "LEMBURSITU", "telp_ppk": "0266-6243088", "latitude": -6.958535, "longitude": 106.897496, "tahun": 2023, "Cluster": 1 }, "geometry": { "type": "Point", "coordinates": [ 106.897496, -6.958535 ] } },
{ "type": "Feature", "properties": { "id": 274, "kode_provinsi": 32, "nama_provinsi": "JAWA BARAT", "kode_kabupaten_kota": 3278, "nama_kabupaten_kota": "KOTA TASIKMALAYA", "nama_rs": "RSUD DR. SOEKARDJO", "alamat": "JL. RUMAH SAKIT NO.33", "desa_kelurahan": "EMPANGSARI", "kecamatan": "TAWANG", "telp_ppk": "0265-331680", "latitude": -7.33234718, "longitude": 108.22529, "tahun": 2023, "Cluster": 3 }, "geometry": { "type": "Point", "coordinates": [ 108.22529, -7.33234718 ] } },
{ "type": "Feature", "properties": { "id": 275, "kode_provinsi": 32, "nama_provinsi": "JAWA BARAT", "kode_kabupaten_kota": 3201, "nama_kabupaten_kota": "KABUPATEN BOGOR", "nama_rs": "RSUD LEUWILIANG", "alamat": "JL. RAYA CIBEBER - LEUWILIANG BOGOR", "desa_kelurahan": "CIBEBER", "kecamatan": "LEUWILIANG", "telp_ppk": "0251-8643290", "latitude": -6.57, "longitude": 107.0, "tahun": 2024, "Cluster": 1 }, "geometry": { "type": "Point", "coordinates": [ 107.0, -6.57 ] } },
{ "type": "Feature", "properties": { "id": 276, "kode_provinsi": 32, "nama_provinsi": "JAWA BARAT", "kode_kabupaten_kota": 3201, "nama_kabupaten_kota": "KABUPATEN BOGOR", "nama_rs": "RSUD CIBINONG", "alamat": "JL. KSR DADI KUSMAYADI NO. 27 CIBINONG BOGOR", "desa_kelurahan": "TENGAH", "kecamatan": "CIBINONG", "telp_ppk": "021-8753487", "latitude": -6.47, "longitude": 107.0, "tahun": 2024, "Cluster": 1 }, "geometry": { "type": "Point", "coordinates": [ 107.0, -6.47 ] } },
{ "type": "Feature", "properties": { "id": 277, "kode_provinsi": 32, "nama_provinsi": "JAWA BARAT", "kode_kabupaten_kota": 3201, "nama_kabupaten_kota": "KABUPATEN BOGOR", "nama_rs": "RSUD CIAWI", "alamat": "JL. RAYA PUNCAK 479 CIAWI BOGOR", "desa_kelurahan": "BENDUNGAN", "kecamatan": "CIAWI", "telp_ppk": "0518-240736", "latitude": -6.66, "longitude": 107.0, "tahun": 2024, "Cluster": 1 }, "geometry": { "type": "Point", "coordinates": [ 107.0, -6.66 ] } },
{ "type": "Feature", "properties": { "id": 278, "kode_provinsi": 32, "nama_provinsi": "JAWA BARAT", "kode_kabupaten_kota": 3201, "nama_kabupaten_kota": "KABUPATEN BOGOR", "nama_rs": "RS UMUM DR MUHAMAD HASSAN TOTO", "alamat": "JL. SARDJIO NO. 1, SEMPLAK KEC. KEMANG", "desa_kelurahan": "ATANG SENJAYA", "kecamatan": "KEMANG", "telp_ppk": "0251-7535976", "latitude": -6.5, "longitude": 107.0, "tahun": 2024, "Cluster": 1 }, "geometry": { "type": "Point", "coordinates": [ 107.0, -6.5 ] } },
{ "type": "Feature", "properties": { "id": 279, "kode_provinsi": 32, "nama_provinsi": "JAWA BARAT", "kode_kabupaten_kota": 3201, "nama_kabupaten_kota": "KABUPATEN BOGOR", "nama_rs": "RSUD CILEUNGSI", "alamat": "JL. RAYA CILEUNGSI-JONGGOL KM.10 CILEUNGSI KABUPATEN BOGOR", "desa_kelurahan": "CIPEUCANG", "kecamatan": "CILEUNGSI", "telp_ppk": "021-89934667", "latitude": -6.43, "longitude": 107.0, "tahun": 2024, "Cluster": 1 }, "geometry": { "type": "Point", "coordinates": [ 107.0, -6.43 ] } },
{ "type": "Feature", "properties": { "id": 280, "kode_provinsi": 32, "nama_provinsi": "JAWA BARAT", "kode_kabupaten_kota": 3202, "nama_kabupaten_kota": "KABUPATEN SUKABUMI", "nama_rs": "RSUD SEKARWANGI", "alamat": "JL. SILIWANGI 49 CIBADAK", "desa_kelurahan": "CIBADAK", "kecamatan": "CIBADAK", "telp_ppk": "0266-531261", "latitude": -6.89662, "longitude": 106.7932, "tahun": 2024, "Cluster": 5 }, "geometry": { "type": "Point", "coordinates": [ 106.7932, -6.89662 ] } },
{ "type": "Feature", "properties": { "id": 281, "kode_provinsi": 32, "nama_provinsi": "JAWA BARAT", "kode_kabupaten_kota": 3202, "nama_kabupaten_kota": "KABUPATEN SUKABUMI", "nama_rs": "RSUD JAMPANG KULON", "alamat": "JL. CIBARUSAH NO. 1", "desa_kelurahan": " TANJUNG", "kecamatan": "JAMPANG KULON", "telp_ppk": "0266-490009", "latitude": -7.252668, "longitude": 106.6255, "tahun": 2024, "Cluster": 6 }, "geometry": { "type": "Point", "coordinates": [ 106.6255, -7.252668 ] } },
{ "type": "Feature", "properties": { "id": 282, "kode_provinsi": 32, "nama_provinsi": "JAWA BARAT", "kode_kabupaten_kota": 3202, "nama_kabupaten_kota": "KABUPATEN SUKABUMI", "nama_rs": "RSUD PALABUHANRATU", "alamat": "JL. AHMAD YANI NO.2", "desa_kelurahan": "CITEPUS", "kecamatan": "PALABUHANRATU", "telp_ppk": "0266-432081", "latitude": -6.98904, "longitude": 106.5579, "tahun": 2024, "Cluster": 6 }, "geometry": { "type": "Point", "coordinates": [ 106.5579, -6.98904 ] } },
{ "type": "Feature", "properties": { "id": 283, "kode_provinsi": 32, "nama_provinsi": "JAWA BARAT", "kode_kabupaten_kota": 3203, "nama_kabupaten_kota": "KABUPATEN CIANJUR", "nama_rs": "RSUD CIMACAN", "alamat": "JL. RAYA CIMACAN NO.17A, PALASARI, KEC. CIPANAS, KABUPATEN CIANJUR, JAWA BARAT 43253", "desa_kelurahan": "PALASARI", "kecamatan": "CIPANAS", "telp_ppk": "0263-512465", "latitude": -6.72033255, "longitude": 107.0325, "tahun": 2024, "Cluster": 1 }, "geometry": { "type": "Point", "coordinates": [ 107.0325, -6.72033255 ] } },
{ "type": "Feature", "properties": { "id": 284, "kode_provinsi": 32, "nama_provinsi": "JAWA BARAT", "kode_kabupaten_kota": 3203, "nama_kabupaten_kota": "KABUPATEN CIANJUR", "nama_rs": "RSUD SAYANG KAB CIANJUR", "alamat": "JL. RUMAH SAKIT NO.1, BOJONGHERANG, KEC. CIANJUR, KABUPATEN CIANJUR, JAWA BARAT 43216", "desa_kelurahan": "BOJONGHERANG", "kecamatan": "CIANJUR", "telp_ppk": "0263-261026", "latitude": -6.810525, "longitude": 107.1411, "tahun": 2024, "Cluster": 2 }, "geometry": { "type": "Point", "coordinates": [ 107.1411, -6.810525 ] } },
{ "type": "Feature", "properties": { "id": 285, "kode_provinsi": 32, "nama_provinsi": "JAWA BARAT", "kode_kabupaten_kota": 3203, "nama_kabupaten_kota": "KABUPATEN CIANJUR", "nama_rs": "RSUD PAGELARAN", "alamat": "JL. RAYA PAGELARAN NO 18 DESA PAGELARAN KEC. PAGELARAN KABUPATEN CIANJUR 43266", "desa_kelurahan": "DESA PAGELARAN", "kecamatan": "PAGELARAN", "telp_ppk": "0263--2361093", "latitude": -7.21435837, "longitude": 107.1394, "tahun": 2024, "Cluster": 2 }, "geometry": { "type": "Point", "coordinates": [ 107.1394, -7.21435837 ] } },
{ "type": "Feature", "properties": { "id": 286, "kode_provinsi": 32, "nama_provinsi": "JAWA BARAT", "kode_kabupaten_kota": 3204, "nama_kabupaten_kota": "KABUPATEN BANDUNG", "nama_rs": "RSUD CICALENGKA", "alamat": "JL. H. DARHAM CIKOPO NO.35, TENJOLAYA, KEC. CICALENGKA, BANDUNG, JAWA BARAT 40395", "desa_kelurahan": "TENJOLAYA", "kecamatan": "CICALENGKA", "telp_ppk": "022-7952202", "latitude": -6.98233728, "longitude": 107.8421, "tahun": 2024, "Cluster": 0 }, "geometry": { "type": "Point", "coordinates": [ 107.8421, -6.98233728 ] } },
{ "type": "Feature", "properties": { "id": 287, "kode_provinsi": 32, "nama_provinsi": "JAWA BARAT", "kode_kabupaten_kota": 3204, "nama_kabupaten_kota": "KABUPATEN BANDUNG", "nama_rs": "RSUD AL IHSAN", "alamat": "JL. KI ASTRAMANGGALA, BALEENDAH, KEC. BALEENDAH, BANDUNG, JAWA BARAT 40381, INDONESIA", "desa_kelurahan": "BALEENDAH", "kecamatan": "BALEENDAH", "telp_ppk": "022-5940872", "latitude": -7.00770719, "longitude": 107.6241, "tahun": 2024, "Cluster": 0 }, "geometry": { "type": "Point", "coordinates": [ 107.6241, -7.00770719 ] } },
{ "type": "Feature", "properties": { "id": 288, "kode_provinsi": 32, "nama_provinsi": "JAWA BARAT", "kode_kabupaten_kota": 3204, "nama_kabupaten_kota": "KABUPATEN BANDUNG", "nama_rs": "RSUD MAJALAYA", "alamat": "JL. CIPAKU NO.87, CIPAKU, KEC. PASEH, BANDUNG, JAWA BARAT 40383, INDONESIA", "desa_kelurahan": "CIPAKU", "kecamatan": "PASEH", "telp_ppk": "022-5950035", "latitude": -7.04929, "longitude": 107.772, "tahun": 2024, "Cluster": 0 }, "geometry": { "type": "Point", "coordinates": [ 107.772, -7.04929 ] } },
{ "type": "Feature", "properties": { "id": 289, "kode_provinsi": 32, "nama_provinsi": "JAWA BARAT", "kode_kabupaten_kota": 3204, "nama_kabupaten_kota": "KABUPATEN BANDUNG", "nama_rs": "RSUD SOREANG", "alamat": "JL. ALUN-ALUN UTARA NO.1, PAMEKARAN, KEC. SOREANG, BANDUNG, JAWA BARAT 40912, INDONESIA", "desa_kelurahan": "PAMEKARAN", "kecamatan": "SOREANG", "telp_ppk": "022-5891355", "latitude": -7.03, "longitude": 108.0, "tahun": 2024, "Cluster": 0 }, "geometry": { "type": "Point", "coordinates": [ 108.0, -7.03 ] } },
{ "type": "Feature", "properties": { "id": 290, "kode_provinsi": 32, "nama_provinsi": "JAWA BARAT", "kode_kabupaten_kota": 3204, "nama_kabupaten_kota": "KABUPATEN BANDUNG", "nama_rs": "RSUD KESEHATAN KERJA", "alamat": "JL. RANCAEKEK NO.KM.27, RW.NO.612, NANJUNGMEKAR, KEC. RANCAEKEK, KABUPATEN BANDUNG, JAWA BARAT 40394", "desa_kelurahan": "NANJUNGMEKAR", "kecamatan": "RANCAEKEK", "telp_ppk": "022-7798778", "latitude": -6.967451, "longitude": 107.8262, "tahun": 2024, "Cluster": 0 }, "geometry": { "type": "Point", "coordinates": [ 107.8262, -6.967451 ] } },
{ "type": "Feature", "properties": { "id": 291, "kode_provinsi": 32, "nama_provinsi": "JAWA BARAT", "kode_kabupaten_kota": 3205, "nama_kabupaten_kota": "KABUPATEN GARUT", "nama_rs": "RSUD PAMEUNGPEUK", "alamat": "JL. MIRAMAREU NO.99, SIRNABAKTI, PAMEUNGPEUK, KABUPATEN GARUT, JAWA BARAT 44175", "desa_kelurahan": "SIRNABAKTI", "kecamatan": "PAMEUNGPEUK", "telp_ppk": "0262-2816017", "latitude": -7.22540946, "longitude": 107.9112, "tahun": 2024, "Cluster": 0 }, "geometry": { "type": "Point", "coordinates": [ 107.9112, -7.22540946 ] } },
{ "type": "Feature", "properties": { "id": 292, "kode_provinsi": 32, "nama_provinsi": "JAWA BARAT", "kode_kabupaten_kota": 3205, "nama_kabupaten_kota": "KABUPATEN GARUT", "nama_rs": "RSUD DR SLAMET GARUT", "alamat": "JL. RSU DR. SLAMET NO.12, SUKAKARYA, KEC. TAROGONG KIDUL, KABUPATEN GARUT, JAWA BARAT 44151", "desa_kelurahan": "SUKAKARYA", "kecamatan": "TAROGONG KIDUL", "telp_ppk": "0262-232720", "latitude": -7.213105, "longitude": 107.9201, "tahun": 2024, "Cluster": 0 }, "geometry": { "type": "Point", "coordinates": [ 107.9201, -7.213105 ] } },
{ "type": "Feature", "properties": { "id": 293, "kode_provinsi": 32, "nama_provinsi": "JAWA BARAT", "kode_kabupaten_kota": 3206, "nama_kabupaten_kota": "KABUPATEN TASIKMALAYA", "nama_rs": "RSUD SINGAPARNA MEDIKA CITRAUTAMA (SMC)", "alamat": "JL. RAYA RANCAMAYA", "desa_kelurahan": "CIKUNTEN", "kecamatan": "SINGAPARNA", "telp_ppk": "0812-157-5782", "latitude": -7.358758, "longitude": 108.1067, "tahun": 2024, "Cluster": 3 }, "geometry": { "type": "Point", "coordinates": [ 108.1067, -7.358758 ] } },
{ "type": "Feature", "properties": { "id": 294, "kode_provinsi": 32, "nama_provinsi": "JAWA BARAT", "kode_kabupaten_kota": 3207, "nama_kabupaten_kota": "KABUPATEN CIAMIS", "nama_rs": "RSUD CIAMIS", "alamat": "JL. RUMAH SAKIT NO.76, CIAMIS,", "desa_kelurahan": "CIAMIS", "kecamatan": "CIAMIS", "telp_ppk": "0265-771018", "latitude": -7.34, "longitude": 108.0, "tahun": 2024, "Cluster": 0 }, "geometry": { "type": "Point", "coordinates": [ 108.0, -7.34 ] } },
{ "type": "Feature", "properties": { "id": 295, "kode_provinsi": 32, "nama_provinsi": "JAWA BARAT", "kode_kabupaten_kota": 3207, "nama_kabupaten_kota": "KABUPATEN CIAMIS", "nama_rs": "RSUD KAWALI", "alamat": "Jl. Raya Kawali-Cirebon No.37, Winduraja, Kec. Kawali, Kabupaten Ciamis, Jawa Barat 46253", "desa_kelurahan": "WINDURAJA", "kecamatan": "KAWALI", "telp_ppk": "0265-7511923", "latitude": -7.1720345, "longitude": 108.3683, "tahun": 2024, "Cluster": 3 }, "geometry": { "type": "Point", "coordinates": [ 108.3683, -7.1720345 ] } },
{ "type": "Feature", "properties": { "id": 296, "kode_provinsi": 32, "nama_provinsi": "JAWA BARAT", "kode_kabupaten_kota": 3208, "nama_kabupaten_kota": "KABUPATEN KUNINGAN", "nama_rs": "RSUD LINGGARJATI", "alamat": "JL. RAYA BANDORASA WETAN NO.36", "desa_kelurahan": "BANDORASA WETAN", "kecamatan": "CILIMUS", "telp_ppk": "0232-614885", "latitude": -6.885481, "longitude": 108.4938, "tahun": 2024, "Cluster": 3 }, "geometry": { "type": "Point", "coordinates": [ 108.4938, -6.885481 ] } },
{ "type": "Feature", "properties": { "id": 297, "kode_provinsi": 32, "nama_provinsi": "JAWA BARAT", "kode_kabupaten_kota": 3208, "nama_kabupaten_kota": "KABUPATEN KUNINGAN", "nama_rs": "RSUD 45 KUNINGAN", "alamat": "JL .JEND SUDIRMAN NO. 68", "desa_kelurahan": "KUNINGAN", "kecamatan": "KUNINGAN", "telp_ppk": "0232-023287188", "latitude": -6.984283, "longitude": 108.4816, "tahun": 2024, "Cluster": 3 }, "geometry": { "type": "Point", "coordinates": [ 108.4816, -6.984283 ] } },
{ "type": "Feature", "properties": { "id": 298, "kode_provinsi": 32, "nama_provinsi": "JAWA BARAT", "kode_kabupaten_kota": 3209, "nama_kabupaten_kota": "KABUPATEN CIREBON", "nama_rs": "RSUD WALED", "alamat": "JL. PRABU KIANSANTANG NO.4, WALED KOTA, WALED, CIREBON, JAWA BARAT 45187", "desa_kelurahan": "WALED KOTA", "kecamatan": "WALED", "telp_ppk": "0231-661126", "latitude": -6.91304, "longitude": 108.719, "tahun": 2024, "Cluster": 3 }, "geometry": { "type": "Point", "coordinates": [ 108.719, -6.91304 ] } },
{ "type": "Feature", "properties": { "id": 299, "kode_provinsi": 32, "nama_provinsi": "JAWA BARAT", "kode_kabupaten_kota": 3209, "nama_kabupaten_kota": "KABUPATEN CIREBON", "nama_rs": "RS PARU PROVINSI JAWA BARAT", "alamat": "JL. PANGERAN KEJAKSAN PO.BOX 4 DESA SIDAWANGI, KECAMATAN SUMBER KABUPATEN CIREBON", "desa_kelurahan": "SIDAWANGI", "kecamatan": "SUMBER", "telp_ppk": "0231--8330707", "latitude": -6.797155, "longitude": 108.4755, "tahun": 2024, "Cluster": 3 }, "geometry": { "type": "Point", "coordinates": [ 108.4755, -6.797155 ] } },
{ "type": "Feature", "properties": { "id": 300, "kode_provinsi": 32, "nama_provinsi": "JAWA BARAT", "kode_kabupaten_kota": 3209, "nama_kabupaten_kota": "KABUPATEN CIREBON", "nama_rs": "RSUD RJAWINANGUN", "alamat": "JL. BY PASS PALIMANAN JAKARTA KM. 2 NO. 1, KEBONTURI, KEC. ARJAWINANGUN, KABUPATEN CIREBON, JAWA BARAT 45162", "desa_kelurahan": "KEBONTURI", "kecamatan": "ARJAWINANGUN", "telp_ppk": "0231-358335", "latitude": -6.6565688, "longitude": 108.4127, "tahun": 2024, "Cluster": 3 }, "geometry": { "type": "Point", "coordinates": [ 108.4127, -6.6565688 ] } },
{ "type": "Feature", "properties": { "id": 301, "kode_provinsi": 32, "nama_provinsi": "JAWA BARAT", "kode_kabupaten_kota": 3210, "nama_kabupaten_kota": "KABUPATEN MAJALENGKA", "nama_rs": "RSUD CIDERES", "alamat": "JL. RAYA CIDERES - KADIPATEN NO 180", "desa_kelurahan": "BOJONGCIDERES", "kecamatan": "DAWUAN", "telp_ppk": "0233-023366100", "latitude": -6.760698, "longitude": 108.195, "tahun": 2024, "Cluster": 3 }, "geometry": { "type": "Point", "coordinates": [ 108.195, -6.760698 ] } },
{ "type": "Feature", "properties": { "id": 302, "kode_provinsi": 32, "nama_provinsi": "JAWA BARAT", "kode_kabupaten_kota": 3210, "nama_kabupaten_kota": "KABUPATEN MAJALENGKA", "nama_rs": "RSUD KABUPATEN MAJALENGKA", "alamat": "JL. KESEHATAN NO. 77 MAJALENGKA", "desa_kelurahan": "MAJALENGKA WETAN", "kecamatan": "MAJALENGKA", "telp_ppk": "0233-281189", "latitude": -6.833815, "longitude": 108.2334, "tahun": 2024, "Cluster": 3 }, "geometry": { "type": "Point", "coordinates": [ 108.2334, -6.833815 ] } },
{ "type": "Feature", "properties": { "id": 303, "kode_provinsi": 32, "nama_provinsi": "JAWA BARAT", "kode_kabupaten_kota": 3211, "nama_kabupaten_kota": "KABUPATEN SUMEDANG", "nama_rs": "RSUD SUMEDANG", "alamat": "JL. PALASARI NO. 80", "desa_kelurahan": "KOTAKULON", "kecamatan": "SUMEDANG SELATAN", "telp_ppk": "0261-201021", "latitude": -6.857049, "longitude": 107.9207, "tahun": 2024, "Cluster": 0 }, "geometry": { "type": "Point", "coordinates": [ 107.9207, -6.857049 ] } },
{ "type": "Feature", "properties": { "id": 304, "kode_provinsi": 32, "nama_provinsi": "JAWA BARAT", "kode_kabupaten_kota": 3212, "nama_kabupaten_kota": "KABUPATEN INDRAMAYU", "nama_rs": "RSUD INDRAMAYU", "alamat": "JL. MURAHNARA NO.7, SINDANG, KABUPATEN INDRAMAYU, JAWA BARAT 45222", "desa_kelurahan": "SINDANG", "kecamatan": "INDRAMAYU", "telp_ppk": "0234-023427265", "latitude": -6.33021, "longitude": 108.32, "tahun": 2024, "Cluster": 3 }, "geometry": { "type": "Point", "coordinates": [ 108.32, -6.33021 ] } },
{ "type": "Feature", "properties": { "id": 305, "kode_provinsi": 32, "nama_provinsi": "JAWA BARAT", "kode_kabupaten_kota": 3212, "nama_kabupaten_kota": "KABUPATEN INDRAMAYU", "nama_rs": "RSUD PANTURA MA SENTOT PATROL", "alamat": "JL. RAYA PATROL NO.KM.46, PATROL LOR, KEC. PATROL, KABUPATEN INDRAMAYU, JAWA BARAT 45257", "desa_kelurahan": "PATROL LOR", "kecamatan": "PATROL", "telp_ppk": "0234-612715", "latitude": -6.31432086, "longitude": 107.9987, "tahun": 2024, "Cluster": 0 }, "geometry": { "type": "Point", "coordinates": [ 107.9987, -6.31432086 ] } },
{ "type": "Feature", "properties": { "id": 306, "kode_provinsi": 32, "nama_provinsi": "JAWA BARAT", "kode_kabupaten_kota": 3212, "nama_kabupaten_kota": "KABUPATEN INDRAMAYU", "nama_rs": "RSUD M URSID IBNU SYAFIUDDIN", "alamat": "Krangkeng, Kec. Krangkeng, Kabupaten Indramayu, Jawa Barat 45284", "desa_kelurahan": "KRANGKENG", "kecamatan": "KRANGKENG", "telp_ppk": "0", "latitude": -6.495347, "longitude": 108.4746, "tahun": 2024, "Cluster": 3 }, "geometry": { "type": "Point", "coordinates": [ 108.4746, -6.495347 ] } },
{ "type": "Feature", "properties": { "id": 307, "kode_provinsi": 32, "nama_provinsi": "JAWA BARAT", "kode_kabupaten_kota": 3213, "nama_kabupaten_kota": "KABUPATEN SUBANG", "nama_rs": "RSUD KAB SUBANG", "alamat": "JL. BRIGJEN KATAMSO NO.37", "desa_kelurahan": " DANGDEUR", "kecamatan": "SUBANG", "telp_ppk": "0260-417442", "latitude": -6.558127, "longitude": 107.7471, "tahun": 2024, "Cluster": 0 }, "geometry": { "type": "Point", "coordinates": [ 107.7471, -6.558127 ] } },
{ "type": "Feature", "properties": { "id": 308, "kode_provinsi": 32, "nama_provinsi": "JAWA BARAT", "kode_kabupaten_kota": 3214, "nama_kabupaten_kota": "KABUPATEN PURWAKARTA", "nama_rs": "RSUD BAYU ASIH", "alamat": "JL. VETERAN NO. 39", "desa_kelurahan": "NAGRI KALER", "kecamatan": " PURWAKARTA", "telp_ppk": "0264-200100", "latitude": -6.5381349, "longitude": 107.443, "tahun": 2024, "Cluster": 0 }, "geometry": { "type": "Point", "coordinates": [ 107.443, -6.5381349 ] } },
{ "type": "Feature", "properties": { "id": 309, "kode_provinsi": 32, "nama_provinsi": "JAWA BARAT", "kode_kabupaten_kota": 3215, "nama_kabupaten_kota": "KABUPATEN KARAWANG", "nama_rs": "RSUD KARAWANG", "alamat": "JL. GALUH MAS RAYA NO.1, SUKAHARJA, KEC. TELUKJAMBE TIM., KABUPATEN KARAWANG, JAWA BARAT 41361", "desa_kelurahan": "SUKAHARJA", "kecamatan": "TELUKJAMBE TIMUR", "telp_ppk": "0267-640444", "latitude": -6.320752, "longitude": 107.2931, "tahun": 2024, "Cluster": 4 }, "geometry": { "type": "Point", "coordinates": [ 107.2931, -6.320752 ] } },
{ "type": "Feature", "properties": { "id": 310, "kode_provinsi": 32, "nama_provinsi": "JAWA BARAT", "kode_kabupaten_kota": 3216, "nama_kabupaten_kota": "KABUPATEN BEKASI", "nama_rs": "RSUD KABUPATEN BEKASI", "alamat": "JL. RAYA TEUKU UMAR NO.202, WANASARI, KEC. CIBITUNG, BEKASI, JAWA BARAT 17520, INDONESIA", "desa_kelurahan": "WANASARI", "kecamatan": "CIBITUNG", "telp_ppk": "021-88374444", "latitude": -6.27, "longitude": 107.0, "tahun": 2024, "Cluster": 1 }, "geometry": { "type": "Point", "coordinates": [ 107.0, -6.27 ] } },
{ "type": "Feature", "properties": { "id": 311, "kode_provinsi": 32, "nama_provinsi": "JAWA BARAT", "kode_kabupaten_kota": 3216, "nama_kabupaten_kota": "KABUPATEN BEKASI", "nama_rs": "RSUD CABANGBUNGIN", "alamat": "DESA JAYALAKSANA KECAMATAN CABANG BUNGIN KABUPATEN BEKASI", "desa_kelurahan": "JAYALAKSANA", "kecamatan": "CABANGBUNGIN", "telp_ppk": "0857-1767-8889", "latitude": -6.1, "longitude": 107.0, "tahun": 2024, "Cluster": 1 }, "geometry": { "type": "Point", "coordinates": [ 107.0, -6.1 ] } },
{ "type": "Feature", "properties": { "id": 312, "kode_provinsi": 32, "nama_provinsi": "JAWA BARAT", "kode_kabupaten_kota": 3217, "nama_kabupaten_kota": "KABUPATEN BANDUNG BARAT", "nama_rs": "RSUD CIKALONG WETAN", "alamat": "JL. CIKALONG NO.290, CIPTAGUMATI, KEC. CIKALONG WETAN, KABUPATEN BANDUNG BARAT, JAWA BARAT 40556, INDONESIA", "desa_kelurahan": "CIPTAMUGATI", "kecamatan": "CIKALONG WETAN", "telp_ppk": "022-86866016", "latitude": -6.74374444, "longitude": 107.445, "tahun": 2024, "Cluster": 0 }, "geometry": { "type": "Point", "coordinates": [ 107.445, -6.74374444 ] } },
{ "type": "Feature", "properties": { "id": 313, "kode_provinsi": 32, "nama_provinsi": "JAWA BARAT", "kode_kabupaten_kota": 3217, "nama_kabupaten_kota": "KABUPATEN BANDUNG BARAT", "nama_rs": "RSUD LEMBANG", "alamat": "JL. RAYA LEMBANG KM 11,4 NO. 11, GUDANGKAHURIPAN, LEMBANG, GUDANGKAHURIPAN, LEMBANG, KABUPATEN BANDUNG BARAT, JAWA BARAT 40391, INDONESIA", "desa_kelurahan": "GUDANGKAAHURIPAN", "kecamatan": "LEMBANG", "telp_ppk": "022-2786879", "latitude": -6.83820952, "longitude": 107.5983, "tahun": 2024, "Cluster": 0 }, "geometry": { "type": "Point", "coordinates": [ 107.5983, -6.83820952 ] } },
{ "type": "Feature", "properties": { "id": 314, "kode_provinsi": 32, "nama_provinsi": "JAWA BARAT", "kode_kabupaten_kota": 3217, "nama_kabupaten_kota": "KABUPATEN BANDUNG BARAT", "nama_rs": "RSJ PROVINSI JAWA BARAT", "alamat": "JL. KOLONEL MASTURI NO.KM.7, JAMBUDIPA, KEC. CISARUA, KABUPATEN BANDUNG BARAT, JAWA BARAT, INDONESIA", "desa_kelurahan": "JAMBUDIPA", "kecamatan": "CISARUA", "telp_ppk": "022-2700260", "latitude": -6.80901504, "longitude": 107.5631, "tahun": 2024, "Cluster": 0 }, "geometry": { "type": "Point", "coordinates": [ 107.5631, -6.80901504 ] } },
{ "type": "Feature", "properties": { "id": 315, "kode_provinsi": 32, "nama_provinsi": "JAWA BARAT", "kode_kabupaten_kota": 3217, "nama_kabupaten_kota": "KABUPATEN BANDUNG BARAT", "nama_rs": "RSUD CILILIN", "alamat": "JL. CINTAKARYA, CILILIN, KABUPATEN BANDUNG BARAT, JAWA BARAT 40562, INDONESIA", "desa_kelurahan": "CINTAKARYA", "kecamatan": "CILILIN", "telp_ppk": "022-6941600", "latitude": -6.94353815, "longitude": 107.4596, "tahun": 2024, "Cluster": 0 }, "geometry": { "type": "Point", "coordinates": [ 107.4596, -6.94353815 ] } },
{ "type": "Feature", "properties": { "id": 316, "kode_provinsi": 32, "nama_provinsi": "JAWA BARAT", "kode_kabupaten_kota": 3218, "nama_kabupaten_kota": "KABUPATEN PANGANDARAN", "nama_rs": "RSUD KABUPATEN PANGANDARAN", "alamat": "JL. PANANJUNG NO.412", "desa_kelurahan": "PANANJUNG", "kecamatan": "PANGANDARAN", "telp_ppk": "0", "latitude": -7.681342, "longitude": 108.6477, "tahun": 2024, "Cluster": 3 }, "geometry": { "type": "Point", "coordinates": [ 108.6477, -7.681342 ] } },
{ "type": "Feature", "properties": { "id": 317, "kode_provinsi": 32, "nama_provinsi": "JAWA BARAT", "kode_kabupaten_kota": 3271, "nama_kabupaten_kota": "KOTA BOGOR", "nama_rs": "RSUD KOTA BOGOR", "alamat": "JL. DOKTOR SUMERU NO 120 BOGOR", "desa_kelurahan": "MENTENG", "kecamatan": "BOGOR BARAT", "telp_ppk": "0251-8312292", "latitude": -6.58041, "longitude": 106.778, "tahun": 2024, "Cluster": 5 }, "geometry": { "type": "Point", "coordinates": [ 106.778, -6.58041 ] } },
{ "type": "Feature", "properties": { "id": 318, "kode_provinsi": 32, "nama_provinsi": "JAWA BARAT", "kode_kabupaten_kota": 3272, "nama_kabupaten_kota": "KOTA SUKABUMI", "nama_rs": "RSUD R. SAMSUDIN SH", "alamat": "JL. RUMAH SAKIT NO.1", "desa_kelurahan": "CIKOLE", "kecamatan": "CIKOLE", "telp_ppk": "0266-225180", "latitude": -6.914882, "longitude": 106.9348, "tahun": 2024, "Cluster": 1 }, "geometry": { "type": "Point", "coordinates": [ 106.9348, -6.914882 ] } },
{ "type": "Feature", "properties": { "id": 319, "kode_provinsi": 32, "nama_provinsi": "JAWA BARAT", "kode_kabupaten_kota": 3272, "nama_kabupaten_kota": "KOTA SUKABUMI", "nama_rs": "RSUD AL MULK", "alamat": "JL. PELABUHAN II KM 6", "desa_kelurahan": "LEMBURSITU", "kecamatan": "LEMBURSITU", "telp_ppk": "0266-6243088", "latitude": -6.958535, "longitude": 106.8975, "tahun": 2024, "Cluster": 1 }, "geometry": { "type": "Point", "coordinates": [ 106.8975, -6.958535 ] } },
{ "type": "Feature", "properties": { "id": 320, "kode_provinsi": 32, "nama_provinsi": "JAWA BARAT", "kode_kabupaten_kota": 3273, "nama_kabupaten_kota": "KOTA BANDUNG", "nama_rs": "RSU PUSAT DR. HASAN SADIKIN", "alamat": "JL. PASTEUR NO. 38", "desa_kelurahan": "PASTEUR", "kecamatan": "SUKAJADI", "telp_ppk": "022-2034954", "latitude": -6.90017, "longitude": 107.601, "tahun": 2024, "Cluster": 0 }, "geometry": { "type": "Point", "coordinates": [ 107.601, -6.90017 ] } },
{ "type": "Feature", "properties": { "id": 321, "kode_provinsi": 32, "nama_provinsi": "JAWA BARAT", "kode_kabupaten_kota": 3273, "nama_kabupaten_kota": "KOTA BANDUNG", "nama_rs": "RSUD KOTA BANDUNG", "alamat": "JL. RUMAH SAKIT NO. 22 UJUNG BERUNG", "desa_kelurahan": "PAKEMITAN", "kecamatan": "CINAMBO", "telp_ppk": "022-7811794", "latitude": -6.91541, "longitude": 107.6993, "tahun": 2024, "Cluster": 0 }, "geometry": { "type": "Point", "coordinates": [ 107.6993, -6.91541 ] } },
{ "type": "Feature", "properties": { "id": 322, "kode_provinsi": 32, "nama_provinsi": "JAWA BARAT", "kode_kabupaten_kota": 3274, "nama_kabupaten_kota": "KOTA CIREBON", "nama_rs": "RSUD GUNUNG JATI", "alamat": "JL. KESAMBI NO 56", "desa_kelurahan": "DRAJAT", "kecamatan": "KESAMBI", "telp_ppk": "0231-20633", "latitude": -6.73077263, "longitude": 108.5554, "tahun": 2024, "Cluster": 3 }, "geometry": { "type": "Point", "coordinates": [ 108.5554, -6.73077263 ] } },
{ "type": "Feature", "properties": { "id": 323, "kode_provinsi": 32, "nama_provinsi": "JAWA BARAT", "kode_kabupaten_kota": 3275, "nama_kabupaten_kota": "KOTA BEKASI", "nama_rs": "RSUD KOTA BEKASI", "alamat": "JL. PRAMUKA NO. 55", "desa_kelurahan": "MARGA JAYA", "kecamatan": "BEKASI SELATAN", "telp_ppk": "021-8841005", "latitude": -6.270428, "longitude": 107.005, "tahun": 2024, "Cluster": 1 }, "geometry": { "type": "Point", "coordinates": [ 107.005, -6.270428 ] } },
{ "type": "Feature", "properties": { "id": 324, "kode_provinsi": 32, "nama_provinsi": "JAWA BARAT", "kode_kabupaten_kota": 3275, "nama_kabupaten_kota": "KOTA BEKASI", "nama_rs": "RSUD PONDOK GEDE", "alamat": "JL. RAYA JATIWARINGIN NO.1, RT.001/RW.009, JATIWARINGIN, KEC. PD. GEDE, KOTA BKS, JAWA BARAT 17411", "desa_kelurahan": "JATIWARINGIN", "kecamatan": "PONDOK GEDE", "telp_ppk": "021-85516033", "latitude": -6.2828185, "longitude": 106.9136, "tahun": 2024, "Cluster": 1 }, "geometry": { "type": "Point", "coordinates": [ 106.9136, -6.2828185 ] } },
{ "type": "Feature", "properties": { "id": 325, "kode_provinsi": 32, "nama_provinsi": "JAWA BARAT", "kode_kabupaten_kota": 3275, "nama_kabupaten_kota": "KOTA BEKASI", "nama_rs": "RSUD JATISAMPURNA", "alamat": "L. RAYA KRANGGAN NO.26, RT.001/RW.004, JATISAMPURNA, KEC. JATISAMPURNA, KOTA BKS, JAWA BARAT 17433", "desa_kelurahan": "KRANGGAN", "kecamatan": "JATISAMPURNA", "telp_ppk": "021-22817282", "latitude": -6.3635511, "longitude": 106.9215, "tahun": 2024, "Cluster": 1 }, "geometry": { "type": "Point", "coordinates": [ 106.9215, -6.3635511 ] } },
{ "type": "Feature", "properties": { "id": 326, "kode_provinsi": 32, "nama_provinsi": "JAWA BARAT", "kode_kabupaten_kota": 3275, "nama_kabupaten_kota": "KOTA BEKASI", "nama_rs": "RSUD BANTARGEBANG", "alamat": "JL. SILIWANGI NO.KM. 10, RT.004/RW.001, BANTARGEBANG, KEC. BANTAR GEBANG, KOTA BKS, JAWA BARAT 17152", "desa_kelurahan": "BANTARGEBANG", "kecamatan": "BANTARGEBANG", "telp_ppk": "021-82637773", "latitude": -6.3146173, "longitude": 106.9865, "tahun": 2024, "Cluster": 1 }, "geometry": { "type": "Point", "coordinates": [ 106.9865, -6.3146173 ] } },
{ "type": "Feature", "properties": { "id": 327, "kode_provinsi": 32, "nama_provinsi": "JAWA BARAT", "kode_kabupaten_kota": 3275, "nama_kabupaten_kota": "KOTA BEKASI", "nama_rs": "RSUD TELUK PUCUNG", "alamat": "JL. LKR. UTARA, RT.002/RW.006, TLK. PUCUNG, KEC. BEKASI UTARA, KOTA BKS, JAWA BARAT 17121", "desa_kelurahan": "TELUK PUCUNG", "kecamatan": "BEKASI UTARA", "telp_ppk": "021-38312012", "latitude": -6.2102844, "longitude": 107.0277, "tahun": 2024, "Cluster": 1 }, "geometry": { "type": "Point", "coordinates": [ 107.0277, -6.2102844 ] } },
{ "type": "Feature", "properties": { "id": 328, "kode_provinsi": 32, "nama_provinsi": "JAWA BARAT", "kode_kabupaten_kota": 3276, "nama_kabupaten_kota": "KOTA DEPOK", "nama_rs": "RSUD KOTA DEPOK", "alamat": "JL. RAYA MUCHTAR NO.99, SAWANGAN LAMA, KEC. SAWANGAN, KOTA DEPOK, JAWA BARAT 16511", "desa_kelurahan": "SAWANGAN LAMA", "kecamatan": "SAWANGAN", "telp_ppk": "0251-8602514", "latitude": -6.395751, "longitude": 106.759, "tahun": 2024, "Cluster": 5 }, "geometry": { "type": "Point", "coordinates": [ 106.759, -6.395751 ] } },
{ "type": "Feature", "properties": { "id": 329, "kode_provinsi": 32, "nama_provinsi": "JAWA BARAT", "kode_kabupaten_kota": 3277, "nama_kabupaten_kota": "KOTA CIMAHI", "nama_rs": "RSUD CIBABAT", "alamat": "JL. RAYA CIBABAT NO 140 CIMAHI", "desa_kelurahan": "CIBABAT", "kecamatan": "CIMAHI UTARA", "telp_ppk": "022-6652025", "latitude": -6.87924083, "longitude": 107.5508, "tahun": 2024, "Cluster": 0 }, "geometry": { "type": "Point", "coordinates": [ 107.5508, -6.87924083 ] } },
{ "type": "Feature", "properties": { "id": 330, "kode_provinsi": 32, "nama_provinsi": "JAWA BARAT", "kode_kabupaten_kota": 3278, "nama_kabupaten_kota": "KOTA TASIKMALAYA", "nama_rs": "RSUD DR. SOEKARDJO", "alamat": "JL. RUMAH SAKIT NO.33", "desa_kelurahan": "EMPANGSARI", "kecamatan": "TAWANG", "telp_ppk": "0265-331680", "latitude": -7.33234718, "longitude": 108.2253, "tahun": 2024, "Cluster": 3 }, "geometry": { "type": "Point", "coordinates": [ 108.2253, -7.33234718 ] } },
{ "type": "Feature", "properties": { "id": 331, "kode_provinsi": 32, "nama_provinsi": "JAWA BARAT", "kode_kabupaten_kota": 3279, "nama_kabupaten_kota": "KOTA BANJAR", "nama_rs": "RSUD KOTA BANJAR", "alamat": "JL. RUMAH SAKIT UMUM NO. 5", "desa_kelurahan": "HEGARSARI", "kecamatan": "PATARUMAN", "telp_ppk": "0265-332314", "latitude": -7.368493, "longitude": 108.5431, "tahun": 2024, "Cluster": 3 }, "geometry": { "type": "Point", "coordinates": [ 108.5431, -7.368493 ] } },
{ "type": "Feature", "properties": { "id": 332, "kode_provinsi": 32, "nama_provinsi": "JAWA BARAT", "kode_kabupaten_kota": 3279, "nama_kabupaten_kota": "KOTA BANJAR", "nama_rs": "RSUD ASIH HUSADA LANGENSARI", "alamat": "JL. PAHLAWAN NO.25, MUKTISARI, KEC. LANGENSARI, KOTA BANJAR, JAWA BARAT 46343", "desa_kelurahan": "MUKTISARI", "kecamatan": "LANGENSARI", "telp_ppk": "0265-7484676", "latitude": -7.3668666, "longitude": 108.6087, "tahun": 2024, "Cluster": 3 }, "geometry": { "type": "Point", "coordinates": [ 108.6087, -7.3668666 ] } }
]
}
